counter,red_count,green_count,blue_count,total_count,red_value,green_value,blue_value,total_value
0,0,0,0,0,0,0,0,0
1,0,0,0,0,0,0,0,0
2,0,0,0,0,0,0,0,0
3,0,0,0,0,0,0,0,0
4,0,0,0,0,0,0,0,0
5,0,0,0,0,0,0,0,0
6,0,0,0,0,0,0,0,0
7,0,0,0,0,0,0,0,0
8,0,0,0,0,0,0,0,0
9,0,0,0,0,0,0,0,0
10,0,0,0,0,0,0,0,0
11,0,0,0,0,0,0,0,0
12,0,0,0,0,0,0,0,0
13,0,0,0,0,0,0,0,0
14,0,0,0,0,0,0,0,0
15,0,0,0,0,0,0,0,0
16,0,0,0,0,0,0,0,0
17,0,0,0,0,0,0,0,0
18,0,0,0,0,0,0,0,0
19,0,0,0,0,0,0,0,0
20,0,0,0,0,0,0,0,0
21,0,0,0,0,0,0,0,0
22,0,0,0,0,0,0,0,0
23,0,0,0,0,0,0,0,0
24,0,0,0,0,0,0,0,0
25,0,0,0,0,0,0,0,0
26,0,0,0,0,0,0,0,0
27,0,0,0,0,0,0,0,0
28,0,0,0,0,0,0,0,0
29,0,0,0,0,0,0,0,0
30,0,0,0,0,0,0,0,0
31,0,0,0,0,0,0,0,0
32,0,0,0,0,0,0,0,0
33,0,0,0,0,0,0,0,0
34,0,0,0,0,0,0,0,0
35,0,0,0,0,0,0,0,0
36,0,0,0,0,0,0,0,0
37,0,0,0,0,0,0,0,0
38,0,0,0,0,0,0,0,0
39,0,0,0,0,0,0,0,0
40,0,0,0,0,0,0,0,0
41,0,0,0,0,0,0,0,0
42,0,0,0,0,0,0,0,0
43,0,0,0,0,0,0,0,0
44,0,0,0,0,0,0,0,0
45,0,0,0,0,0,0,0,0
46,0,0,0,0,0,0,0,0
47,0,0,0,0,0,0,0,0
48,0,0,0,0,0,0,0,0
49,0,0,0,0,0,0,0,0
50,0,0,0,0,0,0,0,0
51,0,0,0,0,0,0,0,0
52,0,0,0,0,0,0,0,0
53,0,0,0,0,0,0,0,0
54,0,0,0,0,0,0,0,0
55,0,0,0,0,0,0,0,0
56,0,0,0,0,0,0,0,0
57,0,0,0,0,0,0,0,0
58,0,0,0,0,0,0,0,0
59,0,0,0,0,0,0,0,0
60,0,0,0,0,0,0,0,0
61,0,0,0,0,0,0,0,0
62,0,0,0,0,0,0,0,0
63,0,0,0,0,0,0,0,0
64,0,0,0,0,0,0,0,0
65,0,0,0,0,0,0,0,0
66,0,0,0,0,0,0,0,0
67,0,0,0,0,0,0,0,0
68,0,0,0,0,0,0,0,0
69,0,0,0,0,0,0,0,0
70,0,0,0,0,0,0,0,0
71,0,0,0,0,0,0,0,0
72,0,0,0,0,0,0,0,0
73,0,0,0,0,0,0,0,0
74,0,0,0,0,0,0,0,0
75,0,0,0,0,0,0,0,0
76,0,0,0,0,0,0,0,0
77,0,0,0,0,0,0,0,0
78,0,0,0,0,0,0,0,0
79,0,0,0,0,0,0,0,0
80,0,0,0,0,0,0,0,0
81,0,0,0,0,0,0,0,0
82,0,0,0,0,0,0,0,0
83,0,0,0,0,0,0,0,0
84,0,0,0,0,0,0,0,0
85,0,0,0,0,0,0,0,0
86,0,0,0,0,0,0,0,0
87,0,0,0,0,0,0,0,0
88,0,0,0,0,0,0,0,0
89,0,0,0,0,0,0,0,0
90,0,0,0,0,0,0,0,0
91,0,0,0,0,0,0,0,0
92,0,0,0,0,0,0,0,0
93,0,0,0,0,0,0,0,0
94,0,0,0,0,0,0,0,0
95,0,0,0,0,0,0,0,0
96,0,0,0,0,0,0,0,0
97,0,0,0,0,0,0,0,0
98,0,0,0,0,0,0,0,0
99,0,0,0,0,0,0,0,0
100,0,0,0,0,0,0,0,0
101,0,0,0,0,0,0,0,0
102,0,0,0,0,0,0,0,0
103,0,0,0,0,0,0,0,0
104,0,0,0,0,0,0,0,0
105,0,0,0,0,0,0,0,0
106,0,0,0,0,0,0,0,0
107,0,0,0,0,0,0,0,0
108,0,0,0,0,0,0,0,0
109,0,0,0,0,0,0,0,0
110,0,0,0,0,0,0,0,0
111,0,0,0,0,0,0,0,0
112,0,0,0,0,0,0,0,0
113,0,0,0,0,0,0,0,0
114,0,0,0,0,0,0,0,0
115,0,0,0,0,0,0,0,0
116,0,0,0,0,0,0,0,0
117,0,0,0,0,0,0,0,0
118,0,0,0,0,0,0,0,0
119,0,0,0,0,0,0,0,0
120,0,0,0,0,0,0,0,0
121,0,0,0,0,0,0,0,0
122,0,0,0,0,0,0,0,0
123,0,0,0,0,0,0,0,0
124,0,0,0,0,0,0,0,0
125,0,0,0,0,0,0,0,0
126,0,0,0,0,0,0,0,0
127,0,0,0,0,0,0,0,0
128,0,0,0,0,0,0,0,0
129,0,0,0,0,0,0,0,0
130,0,0,0,0,0,0,0,0
131,0,0,0,0,0,0,0,0
132,0,0,0,0,0,0,0,0
133,0,0,0,0,0,0,0,0
134,0,0,0,0,0,0,0,0
135,0,0,0,0,0,0,0,0
136,0,0,0,0,0,0,0,0
137,0,0,0,0,0,0,0,0
138,0,0,0,0,0,0,0,0
139,0,0,0,0,0,0,0,0
140,0,0,0,0,0,0,0,0
141,0,0,0,0,0,0,0,0
142,0,0,0,0,0,0,0,0
143,0,0,0,0,0,0,0,0
144,0,0,0,0,0,0,0,0
145,0,0,0,0,0,0,0,0
146,0,0,0,0,0,0,0,0
147,0,0,0,0,0,0,0,0
148,0,0,0,0,0,0,0,0
149,0,0,0,0,0,0,0,0
150,0,0,0,0,0,0,0,0
151,0,0,0,0,0,0,0,0
152,0,0,0,0,0,0,0,0
153,0,0,0,0,0,0,0,0
154,0,0,0,0,0,0,0,0
155,0,0,0,0,0,0,0,0
156,0,0,0,0,0,0,0,0
157,0,0,0,0,0,0,0,0
158,0,0,0,0,0,0,0,0
159,0,0,0,0,0,0,0,0
160,0,0,0,0,0,0,0,0
161,0,0,0,0,0,0,0,0
162,0,0,0,0,0,0,0,0
163,0,0,0,0,0,0,0,0
164,0,0,0,0,0,0,0,0
165,0,0,0,0,0,0,0,0
166,0,0,0,0,0,0,0,0
167,0,0,0,0,0,0,0,0
168,0,0,0,0,0,0,0,0
169,0,0,0,0,0,0,0,0
170,0,0,0,0,0,0,0,0
171,0,0,0,0,0,0,0,0
172,0,0,0,0,0,0,0,0
173,0,0,0,0,0,0,0,0
174,0,0,0,0,0,0,0,0
175,0,0,0,0,0,0,0,0
176,0,0,0,0,0,0,0,0
177,0,0,0,0,0,0,0,0
178,0,0,0,0,0,0,0,0
179,0,0,0,0,0,0,0,0
180,0,0,0,0,0,0,0,0
181,0,0,0,0,0,0,0,0
182,0,0,0,0,0,0,0,0
183,0,0,0,0,0,0,0,0
184,0,0,0,0,0,0,0,0
185,0,0,0,0,0,0,0,0
186,0,0,0,0,0,0,0,0
187,0,0,0,0,0,0,0,0
188,0,0,0,0,0,0,0,0
189,0,0,0,0,0,0,0,0
190,0,0,0,0,0,0,0,0
191,0,0,0,0,0,0,0,0
192,0,0,0,0,0,0,0,0
193,0,0,0,0,0,0,0,0
194,0,0,0,0,0,0,0,0
195,0,0,0,0,0,0,0,0
196,0,0,0,0,0,0,0,0
197,0,0,0,0,0,0,0,0
198,0,0,0,0,0,0,0,0
199,0,0,0,0,0,0,0,0
200,0,0,0,0,0,0,0,0
201,0,0,0,0,0,0,0,0
202,0,0,0,0,0,0,0,0
203,0,0,0,0,0,0,0,0
204,0,0,0,0,0,0,0,0
205,0,0,0,0,0,0,0,0
206,0,0,0,0,0,0,0,0
207,0,0,0,0,0,0,0,0
208,0,0,0,0,0,0,0,0
209,0,0,0,0,0,0,0,0
210,0,0,0,0,0,0,0,0
211,0,0,0,0,0,0,0,0
212,0,0,0,0,0,0,0,0
213,0,0,0,0,0,0,0,0
214,0,0,0,0,0,0,0,0
215,0,0,0,0,0,0,0,0
216,0,0,0,0,0,0,0,0
217,0,0,0,0,0,0,0,0
218,0,0,0,0,0,0,0,0
219,0,0,0,0,0,0,0,0
220,0,0,0,0,0,0,0,0
221,0,0,0,0,0,0,0,0
222,0,0,0,0,0,0,0,0
223,0,0,0,0,0,0,0,0
224,0,0,0,0,0,0,0,0
225,0,0,0,0,0,0,0,0
226,0,0,0,0,0,0,0,0
227,0,0,0,0,0,0,0,0
228,0,0,0,0,0,0,0,0
229,0,0,0,0,0,0,0,0
230,0,0,0,0,0,0,0,0
231,0,0,0,0,0,0,0,0
232,0,0,0,0,0,0,0,0
233,0,0,0,0,0,0,0,0
234,0,0,0,0,0,0,0,0
235,0,0,0,0,0,0,0,0
236,0,0,0,0,0,0,0,0
237,0,0,0,0,0,0,0,0
238,0,0,0,0,0,0,0,0
239,0,0,0,0,0,0,0,0
240,0,0,0,0,0,0,0,0
241,0,0,0,0,0,0,0,0
242,0,0,0,0,0,0,0,0
243,0,0,0,0,0,0,0,0
244,0,0,0,0,0,0,0,0
245,0,0,0,0,0,0,0,0
246,0,0,0,0,0,0,0,0
247,0,0,0,0,0,0,0,0
248,0,0,0,0,0,0,0,0
249,0,0,0,0,0,0,0,0
250,0,0,0,0,0,0,0,0
251,0,0,0,0,0,0,0,0
252,0,0,0,0,0,0,0,0
253,0,0,0,0,0,0,0,0
254,0,0,0,0,0,0,0,0
255,0,0,0,0,0,0,0,0
256,0,0,0,0,0,0,0,0
257,0,0,0,0,0,0,0,0
258,0,0,0,0,0,0,0,0
259,0,0,0,0,0,0,0,0
260,0,0,0,0,0,0,0,0
261,0,0,0,0,0,0,0,0
262,0,0,0,0,0,0,0,0
263,0,0,0,0,0,0,0,0
264,0,0,0,0,0,0,0,0
265,0,0,0,0,0,0,0,0
266,0,0,0,0,0,0,0,0
267,0,0,0,0,0,0,0,0
268,0,0,0,0,0,0,0,0
269,0,0,0,0,0,0,0,0
270,0,0,0,0,0,0,0,0
271,0,0,0,0,0,0,0,0
272,0,0,0,0,0,0,0,0
273,0,0,0,0,0,0,0,0
274,0,0,0,0,0,0,0,0
275,0,0,0,0,0,0,0,0
276,0,0,0,0,0,0,0,0
277,0,0,0,0,0,0,0,0
278,0,0,0,0,0,0,0,0
279,0,0,0,0,0,0,0,0
280,0,0,0,0,0,0,0,0
281,0,0,0,0,0,0,0,0
282,0,0,0,0,0,0,0,0
283,0,0,0,0,0,0,0,0
284,0,0,0,0,0,0,0,0
285,0,0,0,0,0,0,0,0
286,0,0,0,0,0,0,0,0
287,0,0,0,0,0,0,0,0
288,0,0,0,0,0,0,0,0
289,0,0,0,0,0,0,0,0
290,0,0,0,0,0,0,0,0
291,0,0,0,0,0,0,0,0
292,0,0,0,0,0,0,0,0
293,0,0,0,0,0,0,0,0
294,0,0,0,0,0,0,0,0
295,0,0,0,0,0,0,0,0
296,0,0,0,0,0,0,0,0
297,0,0,0,0,0,0,0,0
298,0,0,0,0,0,0,0,0
299,0,0,0,0,0,0,0,0
300,0,0,0,0,0,0,0,0
301,0,0,0,0,0,0,0,0
302,0,0,0,0,0,0,0,0
303,0,0,0,0,0,0,0,0
304,0,0,0,0,0,0,0,0
305,0,0,0,0,0,0,0,0
306,0,0,0,0,0,0,0,0
307,0,0,0,0,0,0,0,0
308,0,0,0,0,0,0,0,0
309,0,0,0,0,0,0,0,0
310,0,0,0,0,0,0,0,0
311,0,0,0,0,0,0,0,0
312,0,0,0,0,0,0,0,0
313,0,0,0,0,0,0,0,0
314,0,0,0,0,0,0,0,0
315,0,0,0,0,0,0,0,0
316,0,0,0,0,0,0,0,0
317,0,0,0,0,0,0,0,0
318,0,0,0,0,0,0,0,0
319,0,0,0,0,0,0,0,0
320,0,0,0,0,0,0,0,0
321,0,0,0,0,0,0,0,0
322,0,0,0,0,0,0,0,0
323,0,0,0,0,0,0,0,0
324,0,0,0,0,0,0,0,0
325,0,0,0,0,0,0,0,0
326,0,0,0,0,0,0,0,0
327,0,0,0,0,0,0,0,0
328,0,0,0,0,0,0,0,0
329,0,0,0,0,0,0,0,0
330,0,0,0,0,0,0,0,0
331,0,0,0,0,0,0,0,0
332,0,0,0,0,0,0,0,0
333,0,0,0,0,0,0,0,0
334,0,0,0,0,0,0,0,0
335,0,0,0,0,0,0,0,0
336,0,0,0,0,0,0,0,0
337,0,0,0,0,0,0,0,0
338,0,0,0,0,0,0,0,0
339,0,0,0,0,0,0,0,0
340,0,0,0,0,0,0,0,0
341,0,0,0,0,0,0,0,0
342,0,0,0,0,0,0,0,0
343,0,0,0,0,0,0,0,0
344,0,0,0,0,0,0,0,0
345,0,0,0,0,0,0,0,0
346,0,0,0,0,0,0,0,0
347,0,0,0,0,0,0,0,0
348,0,0,0,0,0,0,0,0
349,0,0,0,0,0,0,0,0
350,0,0,0,0,0,0,0,0
351,0,0,0,0,0,0,0,0
352,0,0,0,0,0,0,0,0
353,0,0,0,0,0,0,0,0
354,0,0,0,0,0,0,0,0
355,0,0,0,0,0,0,0,0
356,0,0,0,0,0,0,0,0
357,0,0,0,0,0,0,0,0
358,0,0,0,0,0,0,0,0
359,0,0,0,0,0,0,0,0
360,0,0,0,0,0,0,0,0
361,0,0,0,0,0,0,0,0
362,0,0,0,0,0,0,0,0
363,0,0,0,0,0,0,0,0
364,0,0,0,0,0,0,0,0
365,0,0,0,0,0,0,0,0
366,0,0,0,0,0,0,0,0
367,0,0,0,0,0,0,0,0
368,0,0,0,0,0,0,0,0
369,0,0,0,0,0,0,0,0
370,0,0,0,0,0,0,0,0
371,0,0,0,0,0,0,0,0
372,0,0,0,0,0,0,0,0
373,0,0,0,0,0,0,0,0
374,0,0,0,0,0,0,0,0
375,0,0,0,0,0,0,0,0
376,0,0,0,0,0,0,0,0
377,0,0,0,0,0,0,0,0
378,0,0,0,0,0,0,0,0
379,0,0,0,0,0,0,0,0
380,0,0,0,0,0,0,0,0
381,0,0,0,0,0,0,0,0
382,0,0,0,0,0,0,0,0
383,0,0,0,0,0,0,0,0
384,0,0,0,0,0,0,0,0
385,0,0,0,0,0,0,0,0
386,0,0,0,0,0,0,0,0
387,0,0,0,0,0,0,0,0
388,0,0,0,0,0,0,0,0
389,0,0,0,0,0,0,0,0
390,0,0,0,0,0,0,0,0
391,0,0,0,0,0,0,0,0
392,0,0,0,0,0,0,0,0
393,0,0,0,0,0,0,0,0
394,0,0,0,0,0,0,0,0
395,0,0,0,0,0,0,0,0
396,0,0,0,0,0,0,0,0
397,0,0,0,0,0,0,0,0
398,0,0,0,0,0,0,0,0
399,0,0,0,0,0,0,0,0
400,0,0,0,0,0,0,0,0
401,0,0,0,0,0,0,0,0
402,0,0,0,0,0,0,0,0
403,0,0,0,0,0,0,0,0
404,0,0,0,0,0,0,0,0
405,0,0,0,0,0,0,0,0
406,0,0,0,0,0,0,0,0
407,0,0,0,0,0,0,0,0
408,0,0,0,0,0,0,0,0
409,0,0,0,0,0,0,0,0
410,0,0,0,0,0,0,0,0
411,0,0,0,0,0,0,0,0
412,0,0,0,0,0,0,0,0
413,0,0,0,0,0,0,0,0
414,0,0,0,0,0,0,0,0
415,0,0,0,0,0,0,0,0
416,0,0,0,0,0,0,0,0
417,0,0,0,0,0,0,0,0
418,0,0,0,0,0,0,0,0
419,0,0,0,0,0,0,0,0
420,0,0,0,0,0,0,0,0
421,0,0,0,0,0,0,0,0
422,0,0,0,0,0,0,0,0
423,0,0,0,0,0,0,0,0
424,0,0,0,0,0,0,0,0
425,0,0,0,0,0,0,0,0
426,0,0,0,0,0,0,0,0
427,0,0,0,0,0,0,0,0
428,0,0,0,0,0,0,0,0
429,0,0,0,0,0,0,0,0
430,0,0,0,0,0,0,0,0
431,0,0,0,0,0,0,0,0
432,0,0,0,0,0,0,0,0
433,0,0,0,0,0,0,0,0
434,0,0,0,0,0,0,0,0
435,0,0,0,0,0,0,0,0
436,0,0,0,0,0,0,0,0
437,0,0,0,0,0,0,0,0
438,0,0,0,0,0,0,0,0
439,0,0,0,0,0,0,0,0
440,0,0,0,0,0,0,0,0
441,0,0,0,0,0,0,0,0
442,0,0,0,0,0,0,0,0
443,0,0,0,0,0,0,0,0
444,1,0,0,1,5,0,0,5
445,1,0,0,1,5,0,0,5
446,1,0,0,1,5,0,0,5
447,1,0,0,1,5,0,0,5
448,1,0,0,1,5,0,0,5
449,1,0,0,1,5,0,0,5
450,1,0,0,1,5,0,0,5
451,1,0,0,1,5,0,0,5
452,1,0,0,1,5,0,0,5
453,1,0,0,1,5,0,0,5
454,1,0,0,1,5,0,0,5
455,1,0,0,1,5,0,0,5
456,1,0,0,1,5,0,0,5
457,1,0,0,1,5,0,0,5
458,1,0,0,1,5,0,0,5
459,1,0,0,1,5,0,0,5
460,1,0,0,1,5,0,0,5
461,1,0,0,1,5,0,0,5
462,1,0,0,1,5,0,0,5
463,1,0,0,1,5,0,0,5
464,1,0,0,1,5,0,0,5
465,1,0,0,1,5,0,0,5
466,1,0,0,1,5,0,0,5
467,1,0,0,1,5,0,0,5
468,1,0,0,1,5,0,0,5
469,1,0,0,1,5,0,0,5
470,1,0,0,1,5,0,0,5
471,1,0,0,1,5,0,0,5
472,1,0,0,1,5,0,0,5
473,1,0,0,1,5,0,0,5
474,1,0,0,1,5,0,0,5
475,1,0,0,1,5,0,0,5
476,1,0,0,1,5,0,0,5
477,1,0,0,1,5,0,0,5
478,1,0,0,1,5,0,0,5
479,1,0,0,1,5,0,0,5
480,1,0,0,1,5,0,0,5
481,1,0,0,1,5,0,0,5
482,1,0,0,1,5,0,0,5
483,1,0,0,1,5,0,0,5
484,1,0,0,1,5,0,0,5
485,1,0,0,1,5,0,0,5
486,1,0,0,1,5,0,0,5
487,1,0,0,1,5,0,0,5
488,1,0,0,1,5,0,0,5
489,1,0,0,1,5,0,0,5
490,1,0,0,1,5,0,0,5
491,1,0,0,1,5,0,0,5
492,1,0,0,1,5,0,0,5
493,1,0,0,1,5,0,0,5
494,1,0,0,1,5,0,0,5
495,1,0,0,1,5,0,0,5
496,1,0,0,1,5,0,0,5
497,1,0,0,1,5,0,0,5
498,1,0,0,1,5,0,0,5
499,1,0,0,1,5,0,0,5
500,1,0,0,1,5,0,0,5
501,1,0,0,1,5,0,0,5
502,1,0,0,1,5,0,0,5
503,1,0,0,1,5,0,0,5
504,1,0,0,1,5,0,0,5
505,1,0,0,1,5,0,0,5
506,1,0,0,1,5,0,0,5
507,1,0,0,1,5,0,0,5
508,1,0,0,1,5,0,0,5
509,1,0,0,1,5,0,0,5
510,1,0,0,1,5,0,0,5
511,1,0,0,1,5,0,0,5
512,1,0,0,1,5,0,0,5
513,1,0,0,1,5,0,0,5
514,1,0,0,1,5,0,0,5
515,1,0,0,1,5,0,0,5
516,1,0,0,1,5,0,0,5
517,1,0,0,1,5,0,0,5
518,1,0,0,1,5,0,0,5
519,1,0,0,1,5,0,0,5
520,1,0,0,1,5,0,0,5
521,1,0,0,1,5,0,0,5
522,1,0,0,1,5,0,0,5
523,1,0,0,1,5,0,0,5
524,1,0,0,1,5,0,0,5
525,1,0,0,1,5,0,0,5
526,1,0,0,1,5,0,0,5
527,1,0,0,1,5,0,0,5
528,1,0,0,1,5,0,0,5
529,1,0,0,1,5,0,0,5
530,1,0,0,1,5,0,0,5
531,1,0,0,1,5,0,0,5
532,1,0,0,1,5,0,0,5
533,1,0,0,1,5,0,0,5
534,1,0,0,1,5,0,0,5
535,1,0,0,1,5,0,0,5
536,1,0,0,1,5,0,0,5
537,1,0,0,1,5,0,0,5
538,1,0,0,1,5,0,0,5
539,1,0,0,1,5,0,0,5
540,1,0,0,1,5,0,0,5
541,1,0,0,1,5,0,0,5
542,1,0,0,1,5,0,0,5
543,1,0,0,1,5,0,0,5
544,1,0,0,1,5,0,0,5
545,1,0,0,1,5,0,0,5
546,1,0,0,1,5,0,0,5
547,1,0,0,1,5,0,0,5
548,1,0,0,1,5,0,0,5
549,1,0,0,1,5,0,0,5
550,1,0,0,1,5,0,0,5
551,1,0,0,1,5,0,0,5
552,1,0,0,1,5,0,0,5
553,1,0,0,1,5,0,0,5
554,1,0,0,1,5,0,0,5
555,1,0,0,1,5,0,0,5
556,1,0,0,1,5,0,0,5
557,1,0,0,1,5,0,0,5
558,1,0,0,1,5,0,0,5
559,1,0,0,1,5,0,0,5
560,1,0,0,1,5,0,0,5
561,1,0,0,1,5,0,0,5
562,1,0,0,1,5,0,0,5
563,1,0,0,1,5,0,0,5
564,1,0,0,1,5,0,0,5
565,1,0,0,1,5,0,0,5
566,1,0,0,1,5,0,0,5
567,1,0,0,1,5,0,0,5
568,1,0,0,1,5,0,0,5
569,1,0,0,1,5,0,0,5
570,1,0,0,1,5,0,0,5
571,1,0,0,1,5,0,0,5
572,1,0,0,1,5,0,0,5
573,1,0,0,1,5,0,0,5
574,1,0,0,1,5,0,0,5
575,1,0,0,1,5,0,0,5
576,1,0,0,1,5,0,0,5
577,1,0,0,1,5,0,0,5
578,1,0,0,1,5,0,0,5
579,1,0,0,1,5,0,0,5
580,1,0,0,1,5,0,0,5
581,1,0,0,1,5,0,0,5
582,1,0,0,1,5,0,0,5
583,1,0,0,1,5,0,0,5
584,1,0,0,1,5,0,0,5
585,1,0,0,1,5,0,0,5
586,1,0,0,1,5,0,0,5
587,1,0,0,1,5,0,0,5
588,1,0,0,1,5,0,0,5
589,1,0,0,1,5,0,0,5
590,1,0,0,1,5,0,0,5
591,1,0,0,1,5,0,0,5
592,1,0,0,1,5,0,0,5
593,1,0,0,1,5,0,0,5
594,1,0,0,1,5,0,0,5
595,1,0,0,1,5,0,0,5
596,1,0,0,1,5,0,0,5
597,1,0,0,1,5,0,0,5
598,1,0,0,1,5,0,0,5
599,1,0,0,1,5,0,0,5
600,1,0,0,1,5,0,0,5
601,1,0,0,1,5,0,0,5
602,1,0,0,1,5,0,0,5
603,1,0,0,1,5,0,0,5
604,1,0,0,1,5,0,0,5
605,1,0,0,1,5,0,0,5
606,1,0,0,1,5,0,0,5
607,1,0,0,1,5,0,0,5
608,1,0,0,1,5,0,0,5
609,1,0,0,1,5,0,0,5
610,1,0,0,1,5,0,0,5
611,1,0,0,1,5,0,0,5
612,1,0,0,1,5,0,0,5
613,1,0,0,1,5,0,0,5
614,1,0,0,1,5,0,0,5
615,1,0,0,1,5,0,0,5
616,1,0,0,1,5,0,0,5
617,1,0,0,1,5,0,0,5
618,1,0,0,1,5,0,0,5
619,1,0,0,1,5,0,0,5
620,1,0,0,1,5,0,0,5
621,1,0,0,1,5,0,0,5
622,1,0,0,1,5,0,0,5
623,1,0,0,1,5,0,0,5
624,1,0,0,1,5,0,0,5
625,1,0,0,1,5,0,0,5
626,1,0,0,1,5,0,0,5
627,1,0,0,1,5,0,0,5
628,1,0,0,1,5,0,0,5
629,1,0,0,1,5,0,0,5
630,1,0,0,1,5,0,0,5
631,1,0,0,1,5,0,0,5
632,1,0,0,1,5,0,0,5
633,1,0,0,1,5,0,0,5
634,1,0,0,1,5,0,0,5
635,1,0,0,1,5,0,0,5
636,1,0,0,1,5,0,0,5
637,1,0,0,1,5,0,0,5
638,1,0,0,1,5,0,0,5
639,1,0,0,1,5,0,0,5
640,1,0,0,1,5,0,0,5
641,1,0,0,1,5,0,0,5
642,1,0,0,1,5,0,0,5
643,1,0,0,1,5,0,0,5
644,1,0,0,1,5,0,0,5
645,1,0,0,1,5,0,0,5
646,1,0,0,1,5,0,0,5
647,1,0,0,1,5,0,0,5
648,1,0,0,1,5,0,0,5
649,1,0,0,1,5,0,0,5
650,1,0,0,1,5,0,0,5
651,1,0,0,1,5,0,0,5
652,1,0,0,1,5,0,0,5
653,1,0,0,1,5,0,0,5
654,1,0,0,1,5,0,0,5
655,1,0,0,1,5,0,0,5
656,1,0,0,1,5,0,0,5
657,1,0,0,1,5,0,0,5
658,1,0,0,1,5,0,0,5
659,1,0,0,1,5,0,0,5
660,1,0,0,1,5,0,0,5
661,1,0,0,1,5,0,0,5
662,1,0,0,1,5,0,0,5
663,1,0,0,1,5,0,0,5
664,1,0,0,1,5,0,0,5
665,1,0,0,1,5,0,0,5
666,1,0,0,1,5,0,0,5
667,1,0,0,1,5,0,0,5
668,1,0,0,1,5,0,0,5
669,1,0,0,1,5,0,0,5
670,1,0,0,1,5,0,0,5
671,1,0,0,1,5,0,0,5
672,1,0,0,1,5,0,0,5
673,1,0,0,1,5,0,0,5
674,1,0,0,1,5,0,0,5
675,1,0,0,1,5,0,0,5
676,1,0,0,1,5,0,0,5
677,1,0,0,1,5,0,0,5
678,1,0,0,1,5,0,0,5
679,1,0,0,1,5,0,0,5
680,1,0,0,1,5,0,0,5
681,1,0,0,1,5,0,0,5
682,1,0,0,1,5,0,0,5
683,1,0,0,1,5,0,0,5
684,1,0,0,1,5,0,0,5
685,1,0,0,1,5,0,0,5
686,1,0,0,1,5,0,0,5
687,1,0,0,1,5,0,0,5
688,1,0,0,1,5,0,0,5
689,1,0,0,1,5,0,0,5
690,1,0,0,1,5,0,0,5
691,1,0,0,1,5,0,0,5
692,1,0,0,1,5,0,0,5
693,1,0,0,1,5,0,0,5
694,1,0,0,1,5,0,0,5
695,1,0,0,1,5,0,0,5
696,1,0,0,1,5,0,0,5
697,1,0,0,1,5,0,0,5
698,1,0,0,1,5,0,0,5
699,1,0,0,1,5,0,0,5
700,1,0,0,1,5,0,0,5
701,1,0,0,1,5,0,0,5
702,1,0,0,1,5,0,0,5
703,1,0,0,1,5,0,0,5
704,1,0,0,1,5,0,0,5
705,1,0,0,1,5,0,0,5
706,1,0,0,1,5,0,0,5
707,1,0,0,1,5,0,0,5
708,1,0,0,1,5,0,0,5
709,1,0,0,1,5,0,0,5
710,1,0,0,1,5,0,0,5
711,1,0,0,1,5,0,0,5
712,1,0,0,1,5,0,0,5
713,1,0,0,1,5,0,0,5
714,1,0,0,1,5,0,0,5
715,1,0,0,1,5,0,0,5
716,1,0,0,1,5,0,0,5
717,1,0,0,1,5,0,0,5
718,1,0,0,1,5,0,0,5
719,1,0,0,1,5,0,0,5
720,1,0,0,1,5,0,0,5
721,1,0,0,1,5,0,0,5
722,1,0,0,1,5,0,0,5
723,1,0,0,1,5,0,0,5
724,1,0,0,1,5,0,0,5
725,1,0,0,1,5,0,0,5
726,1,0,0,1,5,0,0,5
727,1,0,0,1,5,0,0,5
728,1,0,0,1,5,0,0,5
729,1,0,0,1,5,0,0,5
730,1,0,0,1,5,0,0,5
731,1,0,0,1,5,0,0,5
732,1,0,0,1,5,0,0,5
733,1,0,0,1,5,0,0,5
734,1,0,0,1,5,0,0,5
735,1,0,0,1,5,0,0,5
736,1,0,0,1,5,0,0,5
737,1,0,0,1,5,0,0,5
738,1,0,0,1,5,0,0,5
739,1,0,0,1,5,0,0,5
740,1,0,0,1,5,0,0,5
741,1,0,0,1,5,0,0,5
742,1,0,0,1,5,0,0,5
743,1,0,0,1,5,0,0,5
744,1,0,0,1,5,0,0,5
745,1,0,0,1,5,0,0,5
746,1,0,0,1,5,0,0,5
747,1,0,0,1,5,0,0,5
748,1,0,0,1,5,0,0,5
749,1,0,0,1,5,0,0,5
750,1,0,0,1,5,0,0,5
751,1,0,0,1,5,0,0,5
752,1,0,0,1,5,0,0,5
753,1,0,0,1,5,0,0,5
754,1,0,0,1,5,0,0,5
755,1,0,0,1,5,0,0,5
756,1,0,0,1,5,0,0,5
757,1,0,0,1,5,0,0,5
758,1,0,0,1,5,0,0,5
759,1,0,0,1,5,0,0,5
760,1,0,0,1,5,0,0,5
761,1,0,0,1,5,0,0,5
762,1,0,0,1,5,0,0,5
763,1,0,0,1,5,0,0,5
764,1,0,0,1,5,0,0,5
765,1,0,0,1,5,0,0,5
766,1,0,0,1,5,0,0,5
767,1,0,0,1,5,0,0,5
768,1,0,0,1,5,0,0,5
769,1,0,0,1,5,0,0,5
770,1,0,0,1,5,0,0,5
771,1,0,0,1,5,0,0,5
772,1,0,0,1,5,0,0,5
773,1,0,0,1,5,0,0,5
774,1,0,0,1,5,0,0,5
775,1,0,0,1,5,0,0,5
776,1,0,0,1,5,0,0,5
777,1,0,0,1,5,0,0,5
778,1,0,0,1,5,0,0,5
779,1,0,0,1,5,0,0,5
780,1,0,0,1,5,0,0,5
781,1,0,0,1,5,0,0,5
782,1,0,0,1,5,0,0,5
783,1,0,0,1,5,0,0,5
784,1,0,0,1,5,0,0,5
785,1,0,0,1,5,0,0,5
786,1,0,0,1,5,0,0,5
787,1,0,0,1,5,0,0,5
788,1,0,0,1,5,0,0,5
789,1,0,0,1,5,0,0,5
790,1,0,0,1,5,0,0,5
791,1,0,0,1,5,0,0,5
792,1,0,0,1,5,0,0,5
793,1,0,0,1,5,0,0,5
794,1,0,0,1,5,0,0,5
795,1,0,0,1,5,0,0,5
796,1,0,0,1,5,0,0,5
797,1,0,0,1,5,0,0,5
798,1,0,0,1,5,0,0,5
799,1,0,0,1,5,0,0,5
800,1,0,0,1,5,0,0,5
801,1,0,0,1,5,0,0,5
802,1,0,0,1,5,0,0,5
803,1,0,0,1,5,0,0,5
804,1,0,0,1,5,0,0,5
805,1,0,0,1,5,0,0,5
806,1,0,0,1,5,0,0,5
807,1,0,0,1,5,0,0,5
808,1,0,0,1,5,0,0,5
809,1,0,0,1,5,0,0,5
810,1,0,0,1,5,0,0,5
811,1,0,0,1,5,0,0,5
812,1,0,0,1,5,0,0,5
813,1,0,0,1,5,0,0,5
814,1,0,0,1,5,0,0,5
815,1,0,0,1,5,0,0,5
816,1,0,0,1,5,0,0,5
817,1,0,0,1,5,0,0,5
818,1,0,0,1,5,0,0,5
819,1,0,0,1,5,0,0,5
820,1,0,0,1,5,0,0,5
821,1,0,0,1,5,0,0,5
822,1,0,0,1,5,0,0,5
823,1,0,0,1,5,0,0,5
824,1,0,0,1,5,0,0,5
825,1,0,0,1,5,0,0,5
826,1,0,0,1,5,0,0,5
827,1,0,0,1,5,0,0,5
828,1,0,0,1,5,0,0,5
829,1,0,0,1,5,0,0,5
830,1,0,0,1,5,0,0,5
831,1,0,0,1,5,0,0,5
832,1,0,0,1,5,0,0,5
833,1,0,0,1,5,0,0,5
834,1,0,0,1,5,0,0,5
835,1,0,0,1,5,0,0,5
836,1,0,0,1,5,0,0,5
837,1,0,0,1,5,0,0,5
838,1,0,0,1,5,0,0,5
839,1,0,0,1,5,0,0,5
840,1,0,0,1,5,0,0,5
841,1,0,0,1,5,0,0,5
842,1,0,0,1,5,0,0,5
843,1,0,0,1,5,0,0,5
844,1,0,0,1,5,0,0,5
845,1,0,0,1,5,0,0,5
846,1,0,0,1,5,0,0,5
847,1,0,0,1,5,0,0,5
848,1,0,0,1,5,0,0,5
849,1,0,0,1,5,0,0,5
850,1,0,0,1,5,0,0,5
851,1,0,0,1,5,0,0,5
852,1,0,0,1,5,0,0,5
853,1,0,0,1,5,0,0,5
854,1,0,0,1,5,0,0,5
855,1,0,0,1,5,0,0,5
856,1,0,0,1,5,0,0,5
857,1,0,0,1,5,0,0,5
858,1,0,0,1,5,0,0,5
859,1,0,0,1,5,0,0,5
860,1,0,0,1,5,0,0,5
861,1,0,0,1,5,0,0,5
862,1,0,0,1,5,0,0,5
863,1,0,0,1,5,0,0,5
864,1,0,0,1,5,0,0,5
865,1,0,0,1,5,0,0,5
866,1,0,0,1,5,0,0,5
867,1,0,0,1,5,0,0,5
868,1,0,0,1,5,0,0,5
869,1,0,0,1,5,0,0,5
870,1,0,0,1,5,0,0,5
871,1,0,0,1,5,0,0,5
872,1,0,0,1,5,0,0,5
873,1,0,0,1,5,0,0,5
874,1,0,0,1,5,0,0,5
875,1,0,0,1,5,0,0,5
876,1,0,0,1,5,0,0,5
877,1,0,0,1,5,0,0,5
878,1,0,0,1,5,0,0,5
879,1,0,0,1,5,0,0,5
880,1,0,0,1,5,0,0,5
881,1,0,0,1,5,0,0,5
882,1,0,0,1,5,0,0,5
883,1,0,0,1,5,0,0,5
884,1,0,0,1,5,0,0,5
885,1,0,0,1,5,0,0,5
886,1,0,0,1,5,0,0,5
887,1,0,0,1,5,0,0,5
888,1,0,0,1,5,0,0,5
889,1,0,0,1,5,0,0,5
890,1,0,0,1,5,0,0,5
891,1,0,0,1,5,0,0,5
892,1,0,0,1,5,0,0,5
893,1,0,0,1,5,0,0,5
894,1,0,0,1,5,0,0,5
895,1,0,0,1,5,0,0,5
896,1,0,0,1,5,0,0,5
897,1,0,0,1,5,0,0,5
898,1,0,0,1,5,0,0,5
899,1,0,0,1,5,0,0,5
900,1,0,0,1,5,0,0,5
901,1,0,0,1,5,0,0,5
902,1,0,0,1,5,0,0,5
903,1,0,0,1,5,0,0,5
904,1,0,0,1,5,0,0,5
905,1,0,0,1,5,0,0,5
906,1,0,0,1,5,0,0,5
907,1,0,0,1,5,0,0,5
908,1,0,0,1,5,0,0,5
909,1,0,0,1,5,0,0,5
910,1,0,0,1,5,0,0,5
911,1,0,0,1,5,0,0,5
912,1,0,0,1,5,0,0,5
913,1,0,0,1,5,0,0,5
914,1,0,0,1,5,0,0,5
915,1,0,0,1,5,0,0,5
916,1,0,0,1,5,0,0,5
917,1,0,0,1,5,0,0,5
918,1,0,0,1,5,0,0,5
919,1,0,0,1,5,0,0,5
920,1,0,0,1,5,0,0,5
921,1,0,0,1,5,0,0,5
922,1,0,0,1,5,0,0,5
923,1,0,0,1,5,0,0,5
924,1,0,0,1,5,0,0,5
925,1,0,0,1,5,0,0,5
926,1,0,0,1,5,0,0,5
927,1,0,0,1,5,0,0,5
928,1,0,0,1,5,0,0,5
929,1,0,0,1,5,0,0,5
930,1,0,0,1,5,0,0,5
931,1,0,0,1,5,0,0,5
932,1,0,0,1,5,0,0,5
933,1,0,0,1,5,0,0,5
934,1,0,0,1,5,0,0,5
935,1,0,0,1,5,0,0,5
936,1,0,0,1,5,0,0,5
937,1,0,0,1,5,0,0,5
938,1,0,0,1,5,0,0,5
939,1,0,0,1,5,0,0,5
940,1,0,0,1,5,0,0,5
941,1,0,0,1,5,0,0,5
942,1,0,0,1,5,0,0,5
943,1,0,0,1,5,0,0,5
944,1,0,0,1,5,0,0,5
945,1,0,0,1,5,0,0,5
946,1,0,0,1,5,0,0,5
947,1,0,0,1,5,0,0,5
948,1,0,0,1,5,0,0,5
949,1,0,0,1,5,0,0,5
950,1,0,0,1,5,0,0,5
951,1,0,0,1,5,0,0,5
952,1,0,0,1,5,0,0,5
953,1,0,0,1,5,0,0,5
954,1,0,0,1,5,0,0,5
955,1,0,0,1,5,0,0,5
956,1,0,0,1,5,0,0,5
957,1,0,0,1,5,0,0,5
958,1,0,0,1,5,0,0,5
959,1,0,0,1,5,0,0,5
960,1,0,0,1,5,0,0,5
961,1,0,0,1,5,0,0,5
962,1,0,0,1,5,0,0,5
963,1,0,0,1,5,0,0,5
964,1,0,0,1,5,0,0,5
965,1,0,0,1,5,0,0,5
966,1,0,0,1,5,0,0,5
967,1,0,0,1,5,0,0,5
968,1,0,0,1,5,0,0,5
969,1,0,0,1,5,0,0,5
970,1,0,0,1,5,0,0,5
971,1,0,0,1,5,0,0,5
972,1,0,0,1,5,0,0,5
973,1,0,0,1,5,0,0,5
974,1,0,0,1,5,0,0,5
975,1,0,0,1,5,0,0,5
976,1,0,0,1,5,0,0,5
977,1,0,0,1,5,0,0,5
978,1,0,0,1,5,0,0,5
979,1,0,0,1,5,0,0,5
980,1,0,0,1,5,0,0,5
981,1,0,0,1,5,0,0,5
982,1,0,0,1,5,0,0,5
983,1,0,0,1,5,0,0,5
984,1,0,0,1,5,0,0,5
985,1,0,0,1,5,0,0,5
986,1,0,0,1,5,0,0,5
987,1,0,0,1,5,0,0,5
988,1,0,0,1,5,0,0,5
989,1,0,0,1,5,0,0,5
990,1,0,0,1,5,0,0,5
991,1,0,0,1,5,0,0,5
992,1,0,0,1,5,0,0,5
993,1,0,0,1,5,0,0,5
994,1,0,0,1,5,0,0,5
995,1,0,0,1,5,0,0,5
996,1,0,0,1,5,0,0,5
997,1,0,0,1,5,0,0,5
998,1,0,0,1,5,0,0,5
999,1,0,0,1,5,0,0,5
1000,1,0,0,1,5,0,0,5
1001,1,0,0,1,5,0,0,5
1002,1,0,0,1,5,0,0,5
1003,1,0,0,1,5,0,0,5
1004,1,0,0,1,5,0,0,5
1005,1,0,0,1,5,0,0,5
1006,1,0,0,1,5,0,0,5
1007,1,0,0,1,5,0,0,5
1008,1,0,0,1,5,0,0,5
1009,1,0,0,1,5,0,0,5
1010,1,0,0,1,5,0,0,5
1011,1,0,0,1,5,0,0,5
1012,1,0,0,1,5,0,0,5
1013,1,0,0,1,5,0,0,5
1014,1,0,0,1,5,0,0,5
1015,1,0,0,1,5,0,0,5
1016,1,0,0,1,5,0,0,5
1017,1,0,0,1,5,0,0,5
1018,1,0,0,1,5,0,0,5
1019,1,0,0,1,5,0,0,5
1020,1,0,0,1,5,0,0,5
1021,1,0,0,1,5,0,0,5
1022,1,0,0,1,5,0,0,5
1023,1,0,0,1,5,0,0,5
1024,1,0,0,1,5,0,0,5
1025,1,0,0,1,5,0,0,5
1026,1,0,0,1,5,0,0,5
1027,1,0,0,1,5,0,0,5
1028,1,0,0,1,5,0,0,5
1029,1,0,0,1,5,0,0,5
1030,1,0,0,1,5,0,0,5
1031,1,0,0,1,5,0,0,5
1032,1,0,0,1,5,0,0,5
1033,1,0,0,1,5,0,0,5
1034,1,0,0,1,5,0,0,5
1035,1,0,0,1,5,0,0,5
1036,1,0,0,1,5,0,0,5
1037,1,0,0,1,5,0,0,5
1038,1,0,0,1,5,0,0,5
1039,1,0,0,1,5,0,0,5
1040,1,0,0,1,5,0,0,5
1041,1,0,0,1,5,0,0,5
1042,1,0,0,1,5,0,0,5
1043,1,0,0,1,5,0,0,5
1044,1,0,0,1,5,0,0,5
1045,1,0,0,1,5,0,0,5
1046,1,0,0,1,5,0,0,5
1047,1,0,0,1,5,0,0,5
1048,1,0,0,1,5,0,0,5
1049,1,0,0,1,5,0,0,5
1050,1,0,0,1,5,0,0,5
1051,1,0,0,1,5,0,0,5
1052,1,0,0,1,5,0,0,5
1053,1,0,0,1,5,0,0,5
1054,1,0,0,1,5,0,0,5
1055,1,0,0,1,5,0,0,5
1056,1,0,0,1,5,0,0,5
1057,1,0,0,1,5,0,0,5
1058,1,0,0,1,5,0,0,5
1059,1,0,0,1,5,0,0,5
1060,1,0,0,1,5,0,0,5
1061,1,0,0,1,5,0,0,5
1062,1,0,0,1,5,0,0,5
1063,1,0,0,1,5,0,0,5
1064,1,0,0,1,5,0,0,5
1065,1,0,0,1,5,0,0,5
1066,1,0,0,1,5,0,0,5
1067,1,0,0,1,5,0,0,5
1068,1,0,0,1,5,0,0,5
1069,1,0,0,1,5,0,0,5
1070,1,0,0,1,5,0,0,5
1071,1,0,0,1,5,0,0,5
1072,1,0,0,1,5,0,0,5
1073,1,0,0,1,5,0,0,5
1074,1,0,0,1,5,0,0,5
1075,1,0,0,1,5,0,0,5
1076,1,0,0,1,5,0,0,5
1077,1,0,0,1,5,0,0,5
1078,1,0,0,1,5,0,0,5
1079,1,0,0,1,5,0,0,5
1080,1,0,0,1,5,0,0,5
1081,1,0,0,1,5,0,0,5
1082,1,0,0,1,5,0,0,5
1083,1,0,0,1,5,0,0,5
1084,1,0,0,1,5,0,0,5
1085,1,0,0,1,5,0,0,5
1086,1,0,0,1,5,0,0,5
1087,1,0,0,1,5,0,0,5
1088,1,0,0,1,5,0,0,5
1089,1,1,0,2,5,10,0,15
1090,1,1,0,2,5,10,0,15
1091,1,1,0,2,5,10,0,15
1092,1,1,0,2,5,10,0,15
1093,1,1,0,2,5,10,0,15
1094,1,1,0,2,5,10,0,15
1095,1,1,0,2,5,10,0,15
1096,1,1,0,2,5,10,0,15
1097,1,1,0,2,5,10,0,15
1098,1,1,0,2,5,10,0,15
1099,1,1,0,2,5,10,0,15
1100,1,1,0,2,5,10,0,15
1101,1,1,0,2,5,10,0,15
1102,1,1,0,2,5,10,0,15
1103,1,1,0,2,5,10,0,15
1104,1,1,0,2,5,10,0,15
1105,1,1,0,2,5,10,0,15
1106,1,1,0,2,5,10,0,15
1107,1,1,0,2,5,10,0,15
1108,1,1,0,2,5,10,0,15
1109,1,1,0,2,5,10,0,15
1110,1,1,0,2,5,10,0,15
1111,1,1,0,2,5,10,0,15
1112,1,1,0,2,5,10,0,15
1113,1,1,0,2,5,10,0,15
1114,1,1,0,2,5,10,0,15
1115,1,1,0,2,5,10,0,15
1116,1,1,0,2,5,10,0,15
1117,1,1,0,2,5,10,0,15
1118,1,1,0,2,5,10,0,15
1119,1,1,0,2,5,10,0,15
1120,1,1,0,2,5,10,0,15
1121,1,1,0,2,5,10,0,15
1122,1,1,0,2,5,10,0,15
1123,1,1,0,2,5,10,0,15
1124,1,1,0,2,5,10,0,15
1125,1,1,0,2,5,10,0,15
1126,1,1,0,2,5,10,0,15
1127,1,1,0,2,5,10,0,15
1128,1,1,0,2,5,10,0,15
1129,1,1,0,2,5,10,0,15
1130,1,1,0,2,5,10,0,15
1131,1,1,0,2,5,10,0,15
1132,1,1,0,2,5,10,0,15
1133,1,1,0,2,5,10,0,15
1134,1,1,0,2,5,10,0,15
1135,1,1,0,2,5,10,0,15
1136,1,1,0,2,5,10,0,15
1137,1,1,0,2,5,10,0,15
1138,1,1,0,2,5,10,0,15
1139,1,1,0,2,5,10,0,15
1140,1,1,0,2,5,10,0,15
1141,1,1,0,2,5,10,0,15
1142,1,1,0,2,5,10,0,15
1143,1,1,0,2,5,10,0,15
1144,1,1,0,2,5,10,0,15
1145,1,1,0,2,5,10,0,15
1146,1,1,0,2,5,10,0,15
1147,1,1,0,2,5,10,0,15
1148,1,1,0,2,5,10,0,15
1149,1,1,0,2,5,10,0,15
1150,1,1,0,2,5,10,0,15
1151,1,1,0,2,5,10,0,15
1152,1,1,0,2,5,10,0,15
1153,1,1,0,2,5,10,0,15
1154,1,1,0,2,5,10,0,15
1155,1,1,0,2,5,10,0,15
1156,1,1,0,2,5,10,0,15
1157,1,1,0,2,5,10,0,15
1158,1,1,0,2,5,10,0,15
1159,1,1,0,2,5,10,0,15
1160,1,1,0,2,5,10,0,15
1161,1,1,0,2,5,10,0,15
1162,1,1,0,2,5,10,0,15
1163,1,1,0,2,5,10,0,15
1164,1,1,0,2,5,10,0,15
1165,1,1,0,2,5,10,0,15
1166,1,1,0,2,5,10,0,15
1167,1,1,0,2,5,10,0,15
1168,1,1,0,2,5,10,0,15
1169,1,1,0,2,5,10,0,15
1170,1,1,0,2,5,10,0,15
1171,1,1,0,2,5,10,0,15
1172,1,1,0,2,5,10,0,15
1173,1,1,0,2,5,10,0,15
1174,1,1,0,2,5,10,0,15
1175,1,1,0,2,5,10,0,15
1176,1,1,0,2,5,10,0,15
1177,1,1,0,2,5,10,0,15
1178,1,1,0,2,5,10,0,15
1179,1,1,0,2,5,10,0,15
1180,1,1,0,2,5,10,0,15
1181,1,1,0,2,5,10,0,15
1182,1,1,0,2,5,10,0,15
1183,1,1,0,2,5,10,0,15
1184,1,1,0,2,5,10,0,15
1185,1,1,0,2,5,10,0,15
1186,1,1,0,2,5,10,0,15
1187,1,1,0,2,5,10,0,15
1188,1,1,0,2,5,10,0,15
1189,1,1,0,2,5,10,0,15
1190,1,1,0,2,5,10,0,15
1191,1,1,0,2,5,10,0,15
1192,1,1,0,2,5,10,0,15
1193,1,1,0,2,5,10,0,15
1194,1,1,0,2,5,10,0,15
1195,1,1,0,2,5,10,0,15
1196,1,1,0,2,5,10,0,15
1197,1,1,0,2,5,10,0,15
1198,1,1,0,2,5,10,0,15
1199,1,1,0,2,5,10,0,15
1200,1,1,0,2,5,10,0,15
1201,1,1,0,2,5,10,0,15
1202,1,1,0,2,5,10,0,15
1203,1,1,0,2,5,10,0,15
1204,1,1,0,2,5,10,0,15
1205,1,1,0,2,5,10,0,15
1206,1,1,0,2,5,10,0,15
1207,1,1,0,2,5,10,0,15
1208,1,1,0,2,5,10,0,15
1209,1,1,0,2,5,10,0,15
1210,1,1,0,2,5,10,0,15
1211,1,1,0,2,5,10,0,15
1212,1,1,0,2,5,10,0,15
1213,1,1,0,2,5,10,0,15
1214,1,1,0,2,5,10,0,15
1215,1,1,0,2,5,10,0,15
1216,1,1,0,2,5,10,0,15
1217,1,1,0,2,5,10,0,15
1218,1,1,0,2,5,10,0,15
1219,1,1,0,2,5,10,0,15
1220,1,1,0,2,5,10,0,15
1221,1,1,0,2,5,10,0,15
1222,1,1,0,2,5,10,0,15
1223,1,1,0,2,5,10,0,15
1224,1,1,0,2,5,10,0,15
1225,1,1,0,2,5,10,0,15
1226,1,1,0,2,5,10,0,15
1227,1,1,0,2,5,10,0,15
1228,1,1,0,2,5,10,0,15
1229,1,1,0,2,5,10,0,15
1230,1,1,0,2,5,10,0,15
1231,1,1,0,2,5,10,0,15
1232,1,1,0,2,5,10,0,15
1233,1,1,0,2,5,10,0,15
1234,1,1,0,2,5,10,0,15
1235,1,1,0,2,5,10,0,15
1236,1,1,0,2,5,10,0,15
1237,1,1,0,2,5,10,0,15
1238,1,1,0,2,5,10,0,15
1239,1,1,0,2,5,10,0,15
1240,1,1,0,2,5,10,0,15
1241,1,1,0,2,5,10,0,15
1242,1,1,0,2,5,10,0,15
1243,1,1,0,2,5,10,0,15
1244,1,1,0,2,5,10,0,15
1245,1,1,0,2,5,10,0,15
1246,1,1,0,2,5,10,0,15
1247,1,1,0,2,5,10,0,15
1248,1,1,0,2,5,10,0,15
1249,1,1,0,2,5,10,0,15
1250,1,1,0,2,5,10,0,15
1251,1,1,0,2,5,10,0,15
1252,1,1,0,2,5,10,0,15
1253,1,1,0,2,5,10,0,15
1254,1,1,0,2,5,10,0,15
1255,1,1,0,2,5,10,0,15
1256,1,1,0,2,5,10,0,15
1257,1,1,0,2,5,10,0,15
1258,1,1,0,2,5,10,0,15
1259,1,1,0,2,5,10,0,15
1260,1,1,0,2,5,10,0,15
1261,1,1,0,2,5,10,0,15
1262,1,1,0,2,5,10,0,15
1263,1,1,0,2,5,10,0,15
1264,1,1,0,2,5,10,0,15
1265,1,1,0,2,5,10,0,15
1266,1,1,0,2,5,10,0,15
1267,1,1,0,2,5,10,0,15
1268,1,1,0,2,5,10,0,15
1269,1,1,0,2,5,10,0,15
1270,1,1,0,2,5,10,0,15
1271,1,1,0,2,5,10,0,15
1272,1,1,0,2,5,10,0,15
1273,1,1,0,2,5,10,0,15
1274,1,1,0,2,5,10,0,15
1275,1,1,0,2,5,10,0,15
1276,1,1,0,2,5,10,0,15
1277,1,1,0,2,5,10,0,15
1278,1,1,0,2,5,10,0,15
1279,1,1,0,2,5,10,0,15
1280,1,1,0,2,5,10,0,15
1281,1,1,0,2,5,10,0,15
1282,1,1,0,2,5,10,0,15
1283,1,1,0,2,5,10,0,15
1284,1,1,0,2,5,10,0,15
1285,1,1,0,2,5,10,0,15
1286,1,1,0,2,5,10,0,15
1287,1,1,0,2,5,10,0,15
1288,1,1,0,2,5,10,0,15
1289,1,1,0,2,5,10,0,15
1290,1,1,0,2,5,10,0,15
1291,1,1,0,2,5,10,0,15
1292,1,1,0,2,5,10,0,15
1293,1,1,0,2,5,10,0,15
1294,1,1,0,2,5,10,0,15
1295,1,1,0,2,5,10,0,15
1296,1,1,0,2,5,10,0,15
1297,1,1,0,2,5,10,0,15
1298,1,1,0,2,5,10,0,15
1299,1,1,0,2,5,10,0,15
1300,1,1,0,2,5,10,0,15
1301,1,1,0,2,5,10,0,15
1302,1,1,0,2,5,10,0,15
1303,1,1,0,2,5,10,0,15
1304,1,1,0,2,5,10,0,15
1305,1,1,0,2,5,10,0,15
1306,1,1,0,2,5,10,0,15
1307,1,1,0,2,5,10,0,15
1308,1,1,0,2,5,10,0,15
1309,1,1,0,2,5,10,0,15
1310,1,1,0,2,5,10,0,15
1311,1,1,0,2,5,10,0,15
1312,1,1,0,2,5,10,0,15
1313,1,1,0,2,5,10,0,15
1314,1,1,0,2,5,10,0,15
1315,1,1,0,2,5,10,0,15
1316,1,1,0,2,5,10,0,15
1317,1,1,0,2,5,10,0,15
1318,1,1,0,2,5,10,0,15
1319,1,1,0,2,5,10,0,15
1320,1,1,0,2,5,10,0,15
1321,1,1,0,2,5,10,0,15
1322,1,1,0,2,5,10,0,15
1323,1,1,0,2,5,10,0,15
1324,1,1,0,2,5,10,0,15
1325,1,1,0,2,5,10,0,15
1326,1,1,0,2,5,10,0,15
1327,1,1,0,2,5,10,0,15
1328,1,1,0,2,5,10,0,15
1329,1,1,0,2,5,10,0,15
1330,1,1,0,2,5,10,0,15
1331,1,1,0,2,5,10,0,15
1332,1,1,0,2,5,10,0,15
1333,1,1,0,2,5,10,0,15
1334,1,1,0,2,5,10,0,15
1335,1,1,0,2,5,10,0,15
1336,1,1,0,2,5,10,0,15
1337,1,1,0,2,5,10,0,15
1338,1,1,0,2,5,10,0,15
1339,1,1,0,2,5,10,0,15
1340,1,1,0,2,5,10,0,15
1341,1,1,0,2,5,10,0,15
1342,1,1,0,2,5,10,0,15
1343,1,1,0,2,5,10,0,15
1344,1,1,0,2,5,10,0,15
1345,1,1,0,2,5,10,0,15
1346,1,1,0,2,5,10,0,15
1347,1,1,0,2,5,10,0,15
1348,1,1,0,2,5,10,0,15
1349,1,1,0,2,5,10,0,15
1350,1,1,0,2,5,10,0,15
1351,1,1,0,2,5,10,0,15
1352,1,1,0,2,5,10,0,15
1353,1,1,0,2,5,10,0,15
1354,1,1,0,2,5,10,0,15
1355,1,1,0,2,5,10,0,15
1356,1,1,0,2,5,10,0,15
1357,1,1,0,2,5,10,0,15
1358,1,1,0,2,5,10,0,15
1359,1,1,0,2,5,10,0,15
1360,1,1,0,2,5,10,0,15
1361,1,1,0,2,5,10,0,15
1362,1,1,0,2,5,10,0,15
1363,1,1,0,2,5,10,0,15
1364,1,1,0,2,5,10,0,15
1365,1,1,0,2,5,10,0,15
1366,1,1,0,2,5,10,0,15
1367,1,1,0,2,5,10,0,15
1368,1,1,0,2,5,10,0,15
1369,1,1,0,2,5,10,0,15
1370,1,1,0,2,5,10,0,15
1371,1,1,0,2,5,10,0,15
1372,1,1,0,2,5,10,0,15
1373,1,1,0,2,5,10,0,15
1374,1,1,0,2,5,10,0,15
1375,1,1,0,2,5,10,0,15
1376,1,1,0,2,5,10,0,15
1377,1,1,0,2,5,10,0,15
1378,1,1,0,2,5,10,0,15
1379,1,1,0,2,5,10,0,15
1380,1,1,0,2,5,10,0,15
1381,1,1,0,2,5,10,0,15
1382,1,1,0,2,5,10,0,15
1383,1,1,0,2,5,10,0,15
1384,1,1,0,2,5,10,0,15
1385,1,1,0,2,5,10,0,15
1386,1,1,0,2,5,10,0,15
1387,1,1,0,2,5,10,0,15
1388,1,1,0,2,5,10,0,15
1389,1,1,0,2,5,10,0,15
1390,1,1,0,2,5,10,0,15
1391,1,1,0,2,5,10,0,15
1392,1,1,0,2,5,10,0,15
1393,1,1,0,2,5,10,0,15
1394,1,1,0,2,5,10,0,15
1395,1,1,0,2,5,10,0,15
1396,1,1,0,2,5,10,0,15
1397,1,1,0,2,5,10,0,15
1398,1,1,0,2,5,10,0,15
1399,1,1,0,2,5,10,0,15
1400,1,1,0,2,5,10,0,15
1401,1,1,0,2,5,10,0,15
1402,1,1,0,2,5,10,0,15
1403,1,1,0,2,5,10,0,15
1404,1,1,0,2,5,10,0,15
1405,1,1,0,2,5,10,0,15
1406,1,1,0,2,5,10,0,15
1407,1,1,0,2,5,10,0,15
1408,1,1,0,2,5,10,0,15
1409,1,1,0,2,5,10,0,15
1410,1,1,0,2,5,10,0,15
1411,1,1,0,2,5,10,0,15
1412,1,1,0,2,5,10,0,15
1413,1,1,0,2,5,10,0,15
1414,1,1,0,2,5,10,0,15
1415,1,1,0,2,5,10,0,15
1416,1,1,0,2,5,10,0,15
1417,1,1,0,2,5,10,0,15
1418,1,1,0,2,5,10,0,15
1419,1,1,0,2,5,10,0,15
1420,1,1,0,2,5,10,0,15
1421,1,1,0,2,5,10,0,15
1422,1,1,0,2,5,10,0,15
1423,1,1,0,2,5,10,0,15
1424,1,1,0,2,5,10,0,15
1425,1,1,0,2,5,10,0,15
1426,1,1,0,2,5,10,0,15
1427,1,1,0,2,5,10,0,15
1428,1,1,0,2,5,10,0,15
1429,1,1,0,2,5,10,0,15
1430,1,1,0,2,5,10,0,15
1431,1,1,0,2,5,10,0,15
1432,1,1,0,2,5,10,0,15
1433,1,1,0,2,5,10,0,15
1434,1,1,0,2,5,10,0,15
1435,1,1,0,2,5,10,0,15
1436,1,1,0,2,5,10,0,15
1437,1,1,0,2,5,10,0,15
1438,1,1,0,2,5,10,0,15
1439,1,1,0,2,5,10,0,15
1440,1,1,0,2,5,10,0,15
1441,1,1,0,2,5,10,0,15
1442,1,1,0,2,5,10,0,15
1443,1,1,0,2,5,10,0,15
1444,1,1,0,2,5,10,0,15
1445,1,1,0,2,5,10,0,15
1446,1,1,0,2,5,10,0,15
1447,1,1,0,2,5,10,0,15
1448,1,1,0,2,5,10,0,15
1449,1,1,0,2,5,10,0,15
1450,1,1,0,2,5,10,0,15
1451,1,1,0,2,5,10,0,15
1452,1,1,0,2,5,10,0,15
1453,1,1,0,2,5,10,0,15
1454,1,1,0,2,5,10,0,15
1455,1,1,0,2,5,10,0,15
1456,1,1,0,2,5,10,0,15
1457,1,1,0,2,5,10,0,15
1458,1,1,0,2,5,10,0,15
1459,1,1,0,2,5,10,0,15
1460,1,1,0,2,5,10,0,15
1461,1,1,0,2,5,10,0,15
1462,1,1,0,2,5,10,0,15
1463,1,1,0,2,5,10,0,15
1464,1,1,0,2,5,10,0,15
1465,1,1,0,2,5,10,0,15
1466,1,1,0,2,5,10,0,15
1467,1,1,0,2,5,10,0,15
1468,1,1,0,2,5,10,0,15
1469,1,1,0,2,5,10,0,15
1470,1,1,0,2,5,10,0,15
1471,1,1,0,2,5,10,0,15
1472,1,1,0,2,5,10,0,15
1473,1,1,0,2,5,10,0,15
1474,1,1,0,2,5,10,0,15
1475,1,1,0,2,5,10,0,15
1476,1,1,0,2,5,10,0,15
1477,1,1,0,2,5,10,0,15
1478,1,1,0,2,5,10,0,15
1479,1,1,0,2,5,10,0,15
1480,1,1,0,2,5,10,0,15
1481,1,1,0,2,5,10,0,15
1482,1,1,0,2,5,10,0,15
1483,1,1,0,2,5,10,0,15
1484,1,1,0,2,5,10,0,15
1485,1,1,0,2,5,10,0,15
1486,1,1,0,2,5,10,0,15
1487,1,1,0,2,5,10,0,15
1488,1,1,0,2,5,10,0,15
1489,1,1,0,2,5,10,0,15
1490,1,1,0,2,5,10,0,15
1491,1,1,0,2,5,10,0,15
1492,1,1,0,2,5,10,0,15
1493,1,1,0,2,5,10,0,15
1494,1,1,0,2,5,10,0,15
1495,1,1,0,2,5,10,0,15
1496,1,1,0,2,5,10,0,15
1497,1,1,0,2,5,10,0,15
1498,1,1,0,2,5,10,0,15
1499,1,1,0,2,5,10,0,15
1500,1,1,0,2,5,10,0,15
1501,1,1,0,2,5,10,0,15
1502,1,1,0,2,5,10,0,15
1503,1,1,0,2,5,10,0,15
1504,1,1,0,2,5,10,0,15
1505,1,1,0,2,5,10,0,15
1506,1,1,0,2,5,10,0,15
1507,1,1,0,2,5,10,0,15
1508,1,1,0,2,5,10,0,15
1509,1,1,0,2,5,10,0,15
1510,1,1,0,2,5,10,0,15
1511,1,1,0,2,5,10,0,15
1512,1,1,0,2,5,10,0,15
1513,1,1,0,2,5,10,0,15
1514,1,1,0,2,5,10,0,15
1515,1,1,0,2,5,10,0,15
1516,1,1,0,2,5,10,0,15
1517,1,1,0,2,5,10,0,15
1518,1,1,0,2,5,10,0,15
1519,1,1,0,2,5,10,0,15
1520,1,1,0,2,5,10,0,15
1521,1,1,0,2,5,10,0,15
1522,1,1,0,2,5,10,0,15
1523,1,1,0,2,5,10,0,15
1524,1,1,0,2,5,10,0,15
1525,1,1,0,2,5,10,0,15
1526,1,1,0,2,5,10,0,15
1527,1,1,0,2,5,10,0,15
1528,1,1,0,2,5,10,0,15
1529,1,1,0,2,5,10,0,15
1530,1,1,0,2,5,10,0,15
1531,1,1,0,2,5,10,0,15
1532,1,1,0,2,5,10,0,15
1533,1,1,0,2,5,10,0,15
1534,1,1,0,2,5,10,0,15
1535,1,1,0,2,5,10,0,15
1536,1,1,0,2,5,10,0,15
1537,1,1,0,2,5,10,0,15
1538,1,1,0,2,5,10,0,15
1539,1,1,0,2,5,10,0,15
1540,1,1,0,2,5,10,0,15
1541,1,1,0,2,5,10,0,15
1542,1,1,0,2,5,10,0,15
1543,1,1,0,2,5,10,0,15
1544,1,1,0,2,5,10,0,15
1545,1,1,0,2,5,10,0,15
1546,1,1,0,2,5,10,0,15
1547,1,1,0,2,5,10,0,15
1548,1,1,0,2,5,10,0,15
1549,1,1,0,2,5,10,0,15
1550,1,1,0,2,5,10,0,15
1551,1,1,0,2,5,10,0,15
1552,1,1,0,2,5,10,0,15
1553,1,1,0,2,5,10,0,15
1554,1,1,0,2,5,10,0,15
1555,1,1,0,2,5,10,0,15
1556,1,1,0,2,5,10,0,15
1557,1,1,0,2,5,10,0,15
1558,1,1,0,2,5,10,0,15
1559,1,1,0,2,5,10,0,15
1560,1,1,0,2,5,10,0,15
1561,1,1,0,2,5,10,0,15
1562,1,1,0,2,5,10,0,15
1563,1,1,0,2,5,10,0,15
1564,1,1,0,2,5,10,0,15
1565,1,1,0,2,5,10,0,15
1566,1,1,0,2,5,10,0,15
1567,1,1,0,2,5,10,0,15
1568,1,1,0,2,5,10,0,15
1569,1,1,0,2,5,10,0,15
1570,1,1,0,2,5,10,0,15
1571,1,1,0,2,5,10,0,15
1572,1,1,0,2,5,10,0,15
1573,1,1,0,2,5,10,0,15
1574,1,1,0,2,5,10,0,15
1575,1,1,0,2,5,10,0,15
1576,1,1,0,2,5,10,0,15
1577,1,1,0,2,5,10,0,15
1578,1,1,0,2,5,10,0,15
1579,1,1,0,2,5,10,0,15
1580,1,1,0,2,5,10,0,15
1581,1,1,0,2,5,10,0,15
1582,1,1,0,2,5,10,0,15
1583,1,1,0,2,5,10,0,15
1584,1,1,0,2,5,10,0,15
1585,1,1,0,2,5,10,0,15
1586,1,1,0,2,5,10,0,15
1587,1,1,0,2,5,10,0,15
1588,1,1,0,2,5,10,0,15
1589,1,1,0,2,5,10,0,15
1590,1,1,0,2,5,10,0,15
1591,1,1,0,2,5,10,0,15
1592,1,1,0,2,5,10,0,15
1593,1,1,0,2,5,10,0,15
1594,1,1,0,2,5,10,0,15
1595,1,1,0,2,5,10,0,15
1596,1,1,0,2,5,10,0,15
1597,1,1,0,2,5,10,0,15
1598,1,1,0,2,5,10,0,15
1599,1,1,0,2,5,10,0,15
1600,1,1,0,2,5,10,0,15
1601,1,1,0,2,5,10,0,15
1602,1,1,0,2,5,10,0,15
1603,1,1,0,2,5,10,0,15
1604,1,1,0,2,5,10,0,15
1605,1,1,0,2,5,10,0,15
1606,1,1,0,2,5,10,0,15
1607,1,1,0,2,5,10,0,15
1608,1,1,0,2,5,10,0,15
1609,1,1,0,2,5,10,0,15
1610,1,1,0,2,5,10,0,15
1611,1,1,0,2,5,10,0,15
1612,1,1,0,2,5,10,0,15
1613,1,1,0,2,5,10,0,15
1614,1,1,0,2,5,10,0,15
1615,1,1,0,2,5,10,0,15
1616,1,1,0,2,5,10,0,15
1617,1,1,0,2,5,10,0,15
1618,1,1,0,2,5,10,0,15
1619,1,1,0,2,5,10,0,15
1620,1,1,0,2,5,10,0,15
1621,1,1,0,2,5,10,0,15
1622,1,1,0,2,5,10,0,15
1623,1,1,0,2,5,10,0,15
1624,1,1,0,2,5,10,0,15
1625,1,1,0,2,5,10,0,15
1626,1,1,0,2,5,10,0,15
1627,1,1,0,2,5,10,0,15
1628,1,1,0,2,5,10,0,15
1629,1,1,0,2,5,10,0,15
1630,1,1,0,2,5,10,0,15
1631,1,1,0,2,5,10,0,15
1632,1,1,0,2,5,10,0,15
1633,1,1,0,2,5,10,0,15
1634,1,1,0,2,5,10,0,15
1635,1,1,0,2,5,10,0,15
1636,1,1,0,2,5,10,0,15
1637,1,1,0,2,5,10,0,15
1638,1,1,0,2,5,10,0,15
1639,1,1,0,2,5,10,0,15
1640,1,1,0,2,5,10,0,15
1641,1,1,0,2,5,10,0,15
1642,1,1,0,2,5,10,0,15
1643,1,1,0,2,5,10,0,15
1644,1,1,0,2,5,10,0,15
1645,1,1,0,2,5,10,0,15
1646,1,1,0,2,5,10,0,15
1647,1,1,0,2,5,10,0,15
1648,1,1,0,2,5,10,0,15
1649,1,1,0,2,5,10,0,15
1650,1,1,0,2,5,10,0,15
1651,1,1,0,2,5,10,0,15
1652,1,1,0,2,5,10,0,15
1653,1,1,0,2,5,10,0,15
1654,1,1,0,2,5,10,0,15
1655,1,1,0,2,5,10,0,15
1656,1,1,0,2,5,10,0,15
1657,1,1,0,2,5,10,0,15
1658,1,1,0,2,5,10,0,15
1659,1,1,0,2,5,10,0,15
1660,1,1,0,2,5,10,0,15
1661,1,1,0,2,5,10,0,15
1662,1,1,0,2,5,10,0,15
1663,1,1,0,2,5,10,0,15
1664,1,1,0,2,5,10,0,15
1665,1,1,0,2,5,10,0,15
1666,1,1,0,2,5,10,0,15
1667,1,1,0,2,5,10,0,15
1668,1,1,0,2,5,10,0,15
1669,1,1,0,2,5,10,0,15
1670,1,1,0,2,5,10,0,15
1671,1,1,0,2,5,10,0,15
1672,1,1,0,2,5,10,0,15
1673,1,1,0,2,5,10,0,15
1674,1,1,0,2,5,10,0,15
1675,1,1,0,2,5,10,0,15
1676,1,1,0,2,5,10,0,15
1677,1,1,0,2,5,10,0,15
1678,1,1,0,2,5,10,0,15
1679,1,1,0,2,5,10,0,15
1680,1,1,0,2,5,10,0,15
1681,1,1,0,2,5,10,0,15
1682,1,1,0,2,5,10,0,15
1683,1,1,0,2,5,10,0,15
1684,1,1,0,2,5,10,0,15
1685,1,1,0,2,5,10,0,15
1686,1,1,0,2,5,10,0,15
1687,1,1,0,2,5,10,0,15
1688,1,1,0,2,5,10,0,15
1689,1,1,0,2,5,10,0,15
1690,1,1,0,2,5,10,0,15
1691,1,1,0,2,5,10,0,15
1692,1,1,0,2,5,10,0,15
1693,1,1,0,2,5,10,0,15
1694,1,1,0,2,5,10,0,15
1695,1,1,0,2,5,10,0,15
1696,1,1,0,2,5,10,0,15
1697,1,1,0,2,5,10,0,15
1698,1,1,0,2,5,10,0,15
1699,1,1,0,2,5,10,0,15
1700,1,1,0,2,5,10,0,15
1701,1,1,0,2,5,10,0,15
1702,1,1,0,2,5,10,0,15
1703,1,1,0,2,5,10,0,15
1704,1,1,0,2,5,10,0,15
1705,1,1,0,2,5,10,0,15
1706,1,1,0,2,5,10,0,15
1707,1,1,0,2,5,10,0,15
1708,1,1,0,2,5,10,0,15
1709,1,1,0,2,5,10,0,15
1710,1,1,0,2,5,10,0,15
1711,1,1,0,2,5,10,0,15
1712,1,1,0,2,5,10,0,15
1713,1,1,0,2,5,10,0,15
1714,1,1,0,2,5,10,0,15
1715,1,1,0,2,5,10,0,15
1716,1,1,0,2,5,10,0,15
1717,1,1,0,2,5,10,0,15
1718,1,1,0,2,5,10,0,15
1719,1,1,0,2,5,10,0,15
1720,1,1,0,2,5,10,0,15
1721,1,1,0,2,5,10,0,15
1722,1,1,0,2,5,10,0,15
1723,1,1,0,2,5,10,0,15
1724,1,1,0,2,5,10,0,15
1725,1,1,0,2,5,10,0,15
1726,1,1,0,2,5,10,0,15
1727,1,1,0,2,5,10,0,15
1728,1,1,0,2,5,10,0,15
1729,1,1,0,2,5,10,0,15
1730,1,1,0,2,5,10,0,15
1731,1,1,0,2,5,10,0,15
1732,1,1,0,2,5,10,0,15
1733,1,1,0,2,5,10,0,15
1734,1,1,0,2,5,10,0,15
1735,1,1,0,2,5,10,0,15
1736,1,1,0,2,5,10,0,15
1737,1,1,0,2,5,10,0,15
1738,1,1,0,2,5,10,0,15
1739,1,1,0,2,5,10,0,15
1740,1,1,0,2,5,10,0,15
1741,1,1,0,2,5,10,0,15
1742,1,1,0,2,5,10,0,15
1743,1,1,0,2,5,10,0,15
1744,1,1,0,2,5,10,0,15
1745,1,1,0,2,5,10,0,15
1746,1,1,0,2,5,10,0,15
1747,1,1,0,2,5,10,0,15
1748,1,1,0,2,5,10,0,15
1749,1,1,0,2,5,10,0,15
1750,1,1,0,2,5,10,0,15
1751,1,1,0,2,5,10,0,15
1752,1,1,0,2,5,10,0,15
1753,1,1,0,2,5,10,0,15
1754,1,1,0,2,5,10,0,15
1755,1,1,0,2,5,10,0,15
1756,1,1,0,2,5,10,0,15
1757,1,1,0,2,5,10,0,15
1758,1,1,0,2,5,10,0,15
1759,1,1,0,2,5,10,0,15
1760,1,1,0,2,5,10,0,15
1761,1,1,0,2,5,10,0,15
1762,1,1,0,2,5,10,0,15
1763,1,1,0,2,5,10,0,15
1764,1,1,0,2,5,10,0,15
1765,1,1,0,2,5,10,0,15
1766,1,1,0,2,5,10,0,15
1767,1,1,0,2,5,10,0,15
1768,1,1,0,2,5,10,0,15
1769,1,1,0,2,5,10,0,15
1770,1,1,0,2,5,10,0,15
1771,1,1,0,2,5,10,0,15
1772,1,1,0,2,5,10,0,15
1773,1,1,0,2,5,10,0,15
1774,1,1,0,2,5,10,0,15
1775,1,1,0,2,5,10,0,15
1776,1,1,0,2,5,10,0,15
1777,1,1,0,2,5,10,0,15
1778,1,1,0,2,5,10,0,15
1779,1,1,0,2,5,10,0,15
1780,1,1,0,2,5,10,0,15
1781,1,1,0,2,5,10,0,15
1782,1,1,0,2,5,10,0,15
1783,1,1,0,2,5,10,0,15
1784,1,1,0,2,5,10,0,15
1785,1,1,0,2,5,10,0,15
1786,1,1,0,2,5,10,0,15
1787,1,1,0,2,5,10,0,15
1788,1,1,0,2,5,10,0,15
1789,1,1,0,2,5,10,0,15
1790,1,1,0,2,5,10,0,15
1791,1,1,0,2,5,10,0,15
1792,1,1,0,2,5,10,0,15
1793,1,1,0,2,5,10,0,15
1794,1,1,0,2,5,10,0,15
1795,1,1,0,2,5,10,0,15
1796,1,1,0,2,5,10,0,15
1797,1,1,0,2,5,10,0,15
1798,1,1,0,2,5,10,0,15
1799,1,1,0,2,5,10,0,15
1800,1,1,0,2,5,10,0,15
1801,1,1,0,2,5,10,0,15
1802,1,1,0,2,5,10,0,15
1803,1,1,0,2,5,10,0,15
1804,1,1,0,2,5,10,0,15
1805,1,1,0,2,5,10,0,15
1806,1,1,0,2,5,10,0,15
1807,1,1,0,2,5,10,0,15
1808,1,1,0,2,5,10,0,15
1809,1,1,0,2,5,10,0,15
1810,1,1,0,2,5,10,0,15
1811,1,1,0,2,5,10,0,15
1812,1,1,0,2,5,10,0,15
1813,1,1,0,2,5,10,0,15
1814,1,1,0,2,5,10,0,15
1815,1,1,0,2,5,10,0,15
1816,1,1,0,2,5,10,0,15
1817,1,1,0,2,5,10,0,15
1818,1,1,0,2,5,10,0,15
1819,1,1,0,2,5,10,0,15
1820,1,1,0,2,5,10,0,15
1821,1,1,0,2,5,10,0,15
1822,1,1,0,2,5,10,0,15
1823,1,1,0,2,5,10,0,15
1824,1,1,0,2,5,10,0,15
1825,1,1,0,2,5,10,0,15
1826,1,1,0,2,5,10,0,15
1827,1,1,0,2,5,10,0,15
1828,1,1,0,2,5,10,0,15
1829,1,1,0,2,5,10,0,15
1830,1,1,0,2,5,10,0,15
1831,1,1,0,2,5,10,0,15
1832,1,1,0,2,5,10,0,15
1833,1,1,0,2,5,10,0,15
1834,1,1,0,2,5,10,0,15
1835,1,1,0,2,5,10,0,15
1836,1,1,0,2,5,10,0,15
1837,1,1,0,2,5,10,0,15
1838,1,1,0,2,5,10,0,15
1839,1,1,0,2,5,10,0,15
1840,1,1,0,2,5,10,0,15
1841,1,1,0,2,5,10,0,15
1842,1,1,0,2,5,10,0,15
1843,1,1,0,2,5,10,0,15
1844,1,1,0,2,5,10,0,15
1845,1,1,0,2,5,10,0,15
1846,1,1,0,2,5,10,0,15
1847,1,1,0,2,5,10,0,15
1848,1,1,0,2,5,10,0,15
1849,1,1,0,2,5,10,0,15
1850,1,1,0,2,5,10,0,15
1851,1,1,0,2,5,10,0,15
1852,1,1,0,2,5,10,0,15
1853,1,1,0,2,5,10,0,15
1854,1,1,0,2,5,10,0,15
1855,1,1,0,2,5,10,0,15
1856,1,1,0,2,5,10,0,15
1857,1,1,0,2,5,10,0,15
1858,1,1,0,2,5,10,0,15
1859,1,1,0,2,5,10,0,15
1860,1,1,0,2,5,10,0,15
1861,1,1,0,2,5,10,0,15
1862,1,1,0,2,5,10,0,15
1863,1,1,0,2,5,10,0,15
1864,1,1,0,2,5,10,0,15
1865,1,1,0,2,5,10,0,15
1866,1,1,0,2,5,10,0,15
1867,1,1,0,2,5,10,0,15
1868,1,1,0,2,5,10,0,15
1869,1,1,0,2,5,10,0,15
1870,1,1,0,2,5,10,0,15
1871,1,1,0,2,5,10,0,15
1872,1,1,0,2,5,10,0,15
1873,1,1,0,2,5,10,0,15
1874,1,1,0,2,5,10,0,15
1875,1,1,0,2,5,10,0,15
1876,1,1,0,2,5,10,0,15
1877,1,1,0,2,5,10,0,15
1878,1,1,0,2,5,10,0,15
1879,1,1,0,2,5,10,0,15
1880,1,1,0,2,5,10,0,15
1881,1,1,0,2,5,10,0,15
1882,1,1,0,2,5,10,0,15
1883,1,1,0,2,5,10,0,15
1884,1,1,0,2,5,10,0,15
1885,1,1,0,2,5,10,0,15
1886,1,1,0,2,5,10,0,15
1887,1,1,0,2,5,10,0,15
1888,1,1,0,2,5,10,0,15
1889,1,1,0,2,5,10,0,15
1890,1,1,0,2,5,10,0,15
1891,1,1,0,2,5,10,0,15
1892,1,1,0,2,5,10,0,15
1893,1,1,0,2,5,10,0,15
1894,1,1,0,2,5,10,0,15
1895,1,1,0,2,5,10,0,15
1896,1,1,0,2,5,10,0,15
1897,1,1,0,2,5,10,0,15
1898,1,1,0,2,5,10,0,15
1899,1,1,0,2,5,10,0,15
1900,1,1,0,2,5,10,0,15
1901,1,1,0,2,5,10,0,15
1902,1,1,0,2,5,10,0,15
1903,1,1,0,2,5,10,0,15
1904,1,1,0,2,5,10,0,15
1905,1,1,0,2,5,10,0,15
1906,1,1,0,2,5,10,0,15
1907,1,1,0,2,5,10,0,15
1908,1,1,0,2,5,10,0,15
1909,1,1,0,2,5,10,0,15
1910,1,1,0,2,5,10,0,15
1911,1,1,0,2,5,10,0,15
1912,1,1,0,2,5,10,0,15
1913,1,1,0,2,5,10,0,15
1914,1,1,0,2,5,10,0,15
1915,1,1,0,2,5,10,0,15
1916,1,1,0,2,5,10,0,15
1917,1,1,0,2,5,10,0,15
1918,1,1,0,2,5,10,0,15
1919,1,1,0,2,5,10,0,15
1920,1,1,0,2,5,10,0,15
1921,1,1,0,2,5,10,0,15
1922,1,1,0,2,5,10,0,15
1923,1,1,0,2,5,10,0,15
1924,1,1,0,2,5,10,0,15
1925,1,1,0,2,5,10,0,15
1926,1,1,0,2,5,10,0,15
1927,1,1,0,2,5,10,0,15
1928,1,1,0,2,5,10,0,15
1929,1,1,0,2,5,10,0,15
1930,1,1,0,2,5,10,0,15
1931,1,1,0,2,5,10,0,15
1932,1,1,0,2,5,10,0,15
1933,1,1,0,2,5,10,0,15
1934,1,1,0,2,5,10,0,15
1935,1,1,0,2,5,10,0,15
1936,1,1,0,2,5,10,0,15
1937,1,1,0,2,5,10,0,15
1938,1,1,0,2,5,10,0,15
1939,1,1,0,2,5,10,0,15
1940,1,1,0,2,5,10,0,15
1941,1,1,0,2,5,10,0,15
1942,1,1,0,2,5,10,0,15
1943,1,1,0,2,5,10,0,15
1944,1,1,0,2,5,10,0,15
1945,1,1,0,2,5,10,0,15
1946,1,1,0,2,5,10,0,15
1947,1,1,0,2,5,10,0,15
1948,1,1,0,2,5,10,0,15
1949,1,1,0,2,5,10,0,15
1950,1,1,0,2,5,10,0,15
1951,1,1,0,2,5,10,0,15
1952,1,1,0,2,5,10,0,15
1953,1,1,0,2,5,10,0,15
1954,1,1,0,2,5,10,0,15
1955,1,1,0,2,5,10,0,15
1956,1,1,0,2,5,10,0,15
1957,1,1,0,2,5,10,0,15
1958,1,1,0,2,5,10,0,15
1959,1,1,0,2,5,10,0,15
1960,1,1,0,2,5,10,0,15
1961,1,1,0,2,5,10,0,15
1962,1,1,0,2,5,10,0,15
1963,1,1,0,2,5,10,0,15
1964,1,1,0,2,5,10,0,15
1965,1,1,0,2,5,10,0,15
1966,1,1,0,2,5,10,0,15
1967,1,1,0,2,5,10,0,15
1968,1,1,0,2,5,10,0,15
1969,1,1,0,2,5,10,0,15
1970,1,1,0,2,5,10,0,15
1971,1,1,0,2,5,10,0,15
1972,1,1,0,2,5,10,0,15
1973,1,1,0,2,5,10,0,15
1974,1,1,0,2,5,10,0,15
1975,1,1,0,2,5,10,0,15
1976,1,1,0,2,5,10,0,15
1977,1,1,0,2,5,10,0,15
1978,1,1,0,2,5,10,0,15
1979,1,1,0,2,5,10,0,15
1980,1,1,0,2,5,10,0,15
1981,1,1,0,2,5,10,0,15
1982,1,1,0,2,5,10,0,15
1983,1,1,0,2,5,10,0,15
1984,1,1,0,2,5,10,0,15
1985,1,1,0,2,5,10,0,15
1986,1,1,0,2,5,10,0,15
1987,1,1,0,2,5,10,0,15
1988,1,1,0,2,5,10,0,15
1989,1,1,0,2,5,10,0,15
1990,1,1,0,2,5,10,0,15
1991,1,1,0,2,5,10,0,15
1992,1,1,0,2,5,10,0,15
1993,1,1,0,2,5,10,0,15
1994,1,1,0,2,5,10,0,15
1995,1,1,0,2,5,10,0,15
1996,1,1,0,2,5,10,0,15
1997,1,1,0,2,5,10,0,15
1998,1,1,0,2,5,10,0,15
1999,1,1,0,2,5,10,0,15
2000,1,1,0,2,5,10,0,15
2001,1,1,0,2,5,10,0,15
2002,1,1,0,2,5,10,0,15
2003,1,1,0,2,5,10,0,15
2004,1,1,0,2,5,10,0,15
2005,1,1,0,2,5,10,0,15
2006,1,1,0,2,5,10,0,15
2007,1,1,0,2,5,10,0,15
2008,1,1,0,2,5,10,0,15
2009,1,1,0,2,5,10,0,15
2010,1,1,0,2,5,10,0,15
2011,1,1,0,2,5,10,0,15
2012,1,1,0,2,5,10,0,15
2013,1,1,0,2,5,10,0,15
2014,1,1,0,2,5,10,0,15
2015,1,1,0,2,5,10,0,15
2016,1,1,0,2,5,10,0,15
2017,1,1,0,2,5,10,0,15
2018,1,1,0,2,5,10,0,15
2019,1,1,0,2,5,10,0,15
2020,1,1,0,2,5,10,0,15
2021,1,1,0,2,5,10,0,15
2022,1,1,0,2,5,10,0,15
2023,1,1,0,2,5,10,0,15
2024,1,1,0,2,5,10,0,15
2025,1,1,0,2,5,10,0,15
2026,1,1,0,2,5,10,0,15
2027,1,1,0,2,5,10,0,15
2028,1,1,0,2,5,10,0,15
2029,1,1,0,2,5,10,0,15
2030,1,1,0,2,5,10,0,15
2031,1,1,0,2,5,10,0,15
2032,1,1,0,2,5,10,0,15
2033,1,1,0,2,5,10,0,15
2034,1,1,0,2,5,10,0,15
2035,1,1,0,2,5,10,0,15
2036,1,1,0,2,5,10,0,15
2037,1,1,0,2,5,10,0,15
2038,1,1,0,2,5,10,0,15
2039,1,1,0,2,5,10,0,15
2040,1,1,0,2,5,10,0,15
2041,1,1,0,2,5,10,0,15
2042,1,1,0,2,5,10,0,15
2043,1,1,0,2,5,10,0,15
2044,1,1,0,2,5,10,0,15
2045,1,1,0,2,5,10,0,15
2046,1,1,0,2,5,10,0,15
2047,1,1,0,2,5,10,0,15
2048,1,1,0,2,5,10,0,15
2049,1,1,0,2,5,10,0,15
2050,1,1,0,2,5,10,0,15
2051,1,1,0,2,5,10,0,15
2052,1,1,0,2,5,10,0,15
2053,1,1,0,2,5,10,0,15
2054,1,1,0,2,5,10,0,15
2055,1,1,0,2,5,10,0,15
2056,1,1,0,2,5,10,0,15
2057,1,1,0,2,5,10,0,15
2058,1,1,0,2,5,10,0,15
2059,1,1,0,2,5,10,0,15
2060,1,1,0,2,5,10,0,15
2061,1,1,0,2,5,10,0,15
2062,1,1,0,2,5,10,0,15
2063,1,1,0,2,5,10,0,15
2064,1,1,0,2,5,10,0,15
2065,1,1,0,2,5,10,0,15
2066,1,1,0,2,5,10,0,15
2067,1,1,0,2,5,10,0,15
2068,1,1,0,2,5,10,0,15
2069,1,1,0,2,5,10,0,15
2070,1,1,0,2,5,10,0,15
2071,1,1,0,2,5,10,0,15
2072,1,1,0,2,5,10,0,15
2073,1,1,0,2,5,10,0,15
2074,1,1,0,2,5,10,0,15
2075,1,1,0,2,5,10,0,15
2076,1,1,0,2,5,10,0,15
2077,1,1,0,2,5,10,0,15
2078,1,1,0,2,5,10,0,15
2079,1,1,0,2,5,10,0,15
2080,1,1,0,2,5,10,0,15
2081,1,1,0,2,5,10,0,15
2082,1,1,0,2,5,10,0,15
2083,1,1,0,2,5,10,0,15
2084,1,1,0,2,5,10,0,15
2085,1,1,0,2,5,10,0,15
2086,1,1,0,2,5,10,0,15
2087,1,1,0,2,5,10,0,15
2088,1,1,0,2,5,10,0,15
2089,1,1,0,2,5,10,0,15
2090,1,1,0,2,5,10,0,15
2091,1,1,0,2,5,10,0,15
2092,1,1,0,2,5,10,0,15
2093,1,1,0,2,5,10,0,15
2094,1,1,0,2,5,10,0,15
2095,1,1,0,2,5,10,0,15
2096,1,1,0,2,5,10,0,15
2097,1,1,0,2,5,10,0,15
2098,1,1,0,2,5,10,0,15
2099,1,1,0,2,5,10,0,15
2100,1,1,0,2,5,10,0,15
2101,1,1,0,2,5,10,0,15
2102,1,1,0,2,5,10,0,15
2103,1,1,0,2,5,10,0,15
2104,1,1,0,2,5,10,0,15
2105,1,1,0,2,5,10,0,15
2106,1,1,0,2,5,10,0,15
2107,1,1,0,2,5,10,0,15
2108,1,1,0,2,5,10,0,15
2109,1,1,0,2,5,10,0,15
2110,1,1,0,2,5,10,0,15
2111,1,1,0,2,5,10,0,15
2112,1,1,0,2,5,10,0,15
2113,1,1,0,2,5,10,0,15
2114,1,1,0,2,5,10,0,15
2115,1,1,0,2,5,10,0,15
2116,1,1,0,2,5,10,0,15
2117,1,1,0,2,5,10,0,15
2118,1,1,0,2,5,10,0,15
2119,1,1,0,2,5,10,0,15
2120,1,1,0,2,5,10,0,15
2121,1,1,0,2,5,10,0,15
2122,1,1,0,2,5,10,0,15
2123,1,1,0,2,5,10,0,15
2124,1,1,0,2,5,10,0,15
2125,1,1,0,2,5,10,0,15
2126,1,1,0,2,5,10,0,15
2127,1,1,0,2,5,10,0,15
2128,1,1,0,2,5,10,0,15
2129,1,1,0,2,5,10,0,15
2130,1,1,0,2,5,10,0,15
2131,1,1,0,2,5,10,0,15
2132,1,1,0,2,5,10,0,15
2133,1,1,0,2,5,10,0,15
2134,1,1,0,2,5,10,0,15
2135,1,1,0,2,5,10,0,15
2136,1,1,0,2,5,10,0,15
2137,1,1,0,2,5,10,0,15
2138,1,1,0,2,5,10,0,15
2139,1,1,0,2,5,10,0,15
2140,1,1,0,2,5,10,0,15
2141,1,1,0,2,5,10,0,15
2142,1,1,0,2,5,10,0,15
2143,1,1,0,2,5,10,0,15
2144,1,1,0,2,5,10,0,15
2145,1,1,0,2,5,10,0,15
2146,1,1,0,2,5,10,0,15
2147,1,1,0,2,5,10,0,15
2148,1,1,0,2,5,10,0,15
2149,1,1,0,2,5,10,0,15
2150,1,1,0,2,5,10,0,15
2151,1,1,0,2,5,10,0,15
2152,1,1,0,2,5,10,0,15
2153,1,1,0,2,5,10,0,15
2154,1,1,0,2,5,10,0,15
2155,1,1,0,2,5,10,0,15
2156,1,1,0,2,5,10,0,15
2157,1,1,0,2,5,10,0,15
2158,1,1,0,2,5,10,0,15
2159,1,1,0,2,5,10,0,15
2160,1,1,0,2,5,10,0,15
2161,1,1,0,2,5,10,0,15
2162,1,1,0,2,5,10,0,15
2163,1,1,0,2,5,10,0,15
2164,1,1,0,2,5,10,0,15
2165,1,1,0,2,5,10,0,15
2166,1,1,0,2,5,10,0,15
2167,1,1,0,2,5,10,0,15
2168,1,1,0,2,5,10,0,15
2169,1,1,0,2,5,10,0,15
2170,1,1,0,2,5,10,0,15
2171,1,1,0,2,5,10,0,15
2172,1,1,0,2,5,10,0,15
2173,1,1,0,2,5,10,0,15
2174,1,1,0,2,5,10,0,15
2175,1,1,0,2,5,10,0,15
2176,1,1,0,2,5,10,0,15
2177,1,1,0,2,5,10,0,15
2178,1,1,0,2,5,10,0,15
2179,1,1,0,2,5,10,0,15
2180,1,1,0,2,5,10,0,15
2181,1,1,0,2,5,10,0,15
2182,1,1,0,2,5,10,0,15
2183,1,1,0,2,5,10,0,15
2184,1,1,0,2,5,10,0,15
2185,1,1,0,2,5,10,0,15
2186,1,1,0,2,5,10,0,15
2187,1,1,0,2,5,10,0,15
2188,1,1,0,2,5,10,0,15
2189,1,1,0,2,5,10,0,15
2190,1,1,0,2,5,10,0,15
2191,1,1,0,2,5,10,0,15
2192,1,1,0,2,5,10,0,15
2193,1,1,0,2,5,10,0,15
2194,1,1,0,2,5,10,0,15
2195,1,1,0,2,5,10,0,15
2196,1,1,0,2,5,10,0,15
2197,1,1,0,2,5,10,0,15
2198,1,1,0,2,5,10,0,15
2199,1,1,0,2,5,10,0,15
2200,1,1,0,2,5,10,0,15
2201,1,1,0,2,5,10,0,15
2202,1,1,0,2,5,10,0,15
2203,1,1,0,2,5,10,0,15
2204,1,1,0,2,5,10,0,15
2205,1,1,0,2,5,10,0,15
2206,1,1,0,2,5,10,0,15
2207,1,1,0,2,5,10,0,15
2208,1,1,0,2,5,10,0,15
2209,1,1,0,2,5,10,0,15
2210,1,1,0,2,5,10,0,15
2211,1,1,0,2,5,10,0,15
2212,1,1,0,2,5,10,0,15
2213,1,1,0,2,5,10,0,15
2214,1,1,0,2,5,10,0,15
2215,1,1,0,2,5,10,0,15
2216,1,1,0,2,5,10,0,15
2217,1,1,0,2,5,10,0,15
2218,1,1,0,2,5,10,0,15
2219,1,1,0,2,5,10,0,15
2220,1,1,0,2,5,10,0,15
2221,1,1,0,2,5,10,0,15
2222,1,1,0,2,5,10,0,15
2223,1,1,0,2,5,10,0,15
2224,1,1,0,2,5,10,0,15
2225,1,1,0,2,5,10,0,15
2226,1,1,0,2,5,10,0,15
2227,1,1,0,2,5,10,0,15
2228,1,1,0,2,5,10,0,15
2229,1,1,0,2,5,10,0,15
2230,1,1,0,2,5,10,0,15
2231,1,1,0,2,5,10,0,15
2232,1,1,0,2,5,10,0,15
2233,1,1,0,2,5,10,0,15
2234,1,1,0,2,5,10,0,15
2235,1,1,0,2,5,10,0,15
2236,1,1,0,2,5,10,0,15
2237,1,1,0,2,5,10,0,15
2238,1,1,0,2,5,10,0,15
2239,1,1,0,2,5,10,0,15
2240,1,1,0,2,5,10,0,15
2241,1,1,0,2,5,10,0,15
2242,1,1,0,2,5,10,0,15
2243,1,1,0,2,5,10,0,15
2244,1,1,0,2,5,10,0,15
2245,1,1,0,2,5,10,0,15
2246,1,1,0,2,5,10,0,15
2247,1,1,0,2,5,10,0,15
2248,1,1,0,2,5,10,0,15
2249,1,1,0,2,5,10,0,15
2250,1,1,0,2,5,10,0,15
2251,1,1,0,2,5,10,0,15
2252,1,1,0,2,5,10,0,15
2253,1,1,0,2,5,10,0,15
2254,1,1,0,2,5,10,0,15
2255,1,1,0,2,5,10,0,15
2256,1,1,0,2,5,10,0,15
2257,1,1,0,2,5,10,0,15
2258,1,1,0,2,5,10,0,15
2259,1,1,0,2,5,10,0,15
2260,1,1,0,2,5,10,0,15
2261,1,1,0,2,5,10,0,15
2262,1,1,0,2,5,10,0,15
2263,1,1,0,2,5,10,0,15
2264,1,1,0,2,5,10,0,15
2265,1,1,0,2,5,10,0,15
2266,1,1,0,2,5,10,0,15
2267,1,1,0,2,5,10,0,15
2268,1,1,0,2,5,10,0,15
2269,1,1,0,2,5,10,0,15
2270,1,1,0,2,5,10,0,15
2271,1,1,0,2,5,10,0,15
2272,1,1,0,2,5,10,0,15
2273,1,1,0,2,5,10,0,15
2274,1,1,0,2,5,10,0,15
2275,1,1,0,2,5,10,0,15
2276,1,1,0,2,5,10,0,15
2277,1,1,0,2,5,10,0,15
2278,1,1,0,2,5,10,0,15
2279,1,1,0,2,5,10,0,15
2280,1,1,0,2,5,10,0,15
2281,1,1,0,2,5,10,0,15
2282,1,1,0,2,5,10,0,15
2283,1,1,0,2,5,10,0,15
2284,1,1,0,2,5,10,0,15
2285,1,1,0,2,5,10,0,15
2286,1,1,0,2,5,10,0,15
2287,1,1,0,2,5,10,0,15
2288,1,1,0,2,5,10,0,15
2289,1,1,0,2,5,10,0,15
2290,1,1,0,2,5,10,0,15
2291,1,1,0,2,5,10,0,15
2292,1,1,0,2,5,10,0,15
2293,1,1,0,2,5,10,0,15
2294,1,1,0,2,5,10,0,15
2295,1,1,0,2,5,10,0,15
2296,1,1,0,2,5,10,0,15
2297,1,1,0,2,5,10,0,15
2298,1,1,0,2,5,10,0,15
2299,1,1,0,2,5,10,0,15
2300,1,1,0,2,5,10,0,15
2301,1,1,0,2,5,10,0,15
2302,1,1,0,2,5,10,0,15
2303,1,1,0,2,5,10,0,15
2304,1,1,0,2,5,10,0,15
2305,1,1,0,2,5,10,0,15
2306,1,1,0,2,5,10,0,15
2307,1,1,0,2,5,10,0,15
2308,1,1,0,2,5,10,0,15
2309,1,1,0,2,5,10,0,15
2310,1,1,0,2,5,10,0,15
2311,1,1,0,2,5,10,0,15
2312,1,1,0,2,5,10,0,15
2313,1,1,0,2,5,10,0,15
2314,1,1,0,2,5,10,0,15
2315,1,1,0,2,5,10,0,15
2316,1,1,0,2,5,10,0,15
2317,1,1,0,2,5,10,0,15
2318,1,1,0,2,5,10,0,15
2319,1,1,0,2,5,10,0,15
2320,1,1,0,2,5,10,0,15
2321,1,1,0,2,5,10,0,15
2322,1,1,0,2,5,10,0,15
2323,1,1,0,2,5,10,0,15
2324,1,1,0,2,5,10,0,15
2325,1,1,0,2,5,10,0,15
2326,1,1,0,2,5,10,0,15
2327,1,1,0,2,5,10,0,15
2328,1,1,0,2,5,10,0,15
2329,1,1,0,2,5,10,0,15
2330,1,1,0,2,5,10,0,15
2331,1,1,0,2,5,10,0,15
2332,1,1,0,2,5,10,0,15
2333,1,1,0,2,5,10,0,15
2334,1,1,0,2,5,10,0,15
2335,1,1,0,2,5,10,0,15
2336,1,1,0,2,5,10,0,15
2337,1,1,0,2,5,10,0,15
2338,1,1,0,2,5,10,0,15
2339,1,1,0,2,5,10,0,15
2340,1,1,0,2,5,10,0,15
2341,1,1,0,2,5,10,0,15
2342,1,1,0,2,5,10,0,15
2343,1,1,0,2,5,10,0,15
2344,1,1,0,2,5,10,0,15
2345,1,1,0,2,5,10,0,15
2346,1,1,0,2,5,10,0,15
2347,1,1,0,2,5,10,0,15
2348,1,1,0,2,5,10,0,15
2349,1,1,0,2,5,10,0,15
2350,1,1,0,2,5,10,0,15
2351,1,1,0,2,5,10,0,15
2352,1,1,0,2,5,10,0,15
2353,1,1,0,2,5,10,0,15
2354,1,1,0,2,5,10,0,15
2355,1,1,0,2,5,10,0,15
2356,1,1,0,2,5,10,0,15
2357,1,1,0,2,5,10,0,15
2358,1,1,0,2,5,10,0,15
2359,1,1,0,2,5,10,0,15
2360,1,1,0,2,5,10,0,15
2361,1,1,0,2,5,10,0,15
2362,1,1,0,2,5,10,0,15
2363,1,1,0,2,5,10,0,15
2364,1,1,0,2,5,10,0,15
2365,1,1,0,2,5,10,0,15
2366,1,1,0,2,5,10,0,15
2367,1,1,0,2,5,10,0,15
2368,1,1,0,2,5,10,0,15
2369,1,1,0,2,5,10,0,15
2370,1,1,0,2,5,10,0,15
2371,1,1,0,2,5,10,0,15
2372,1,1,0,2,5,10,0,15
2373,1,1,0,2,5,10,0,15
2374,1,1,0,2,5,10,0,15
2375,1,1,0,2,5,10,0,15
2376,1,1,0,2,5,10,0,15
2377,1,1,0,2,5,10,0,15
2378,1,1,0,2,5,10,0,15
2379,1,1,0,2,5,10,0,15
2380,1,1,0,2,5,10,0,15
2381,1,1,0,2,5,10,0,15
2382,1,1,0,2,5,10,0,15
2383,1,1,0,2,5,10,0,15
2384,1,1,0,2,5,10,0,15
2385,1,1,0,2,5,10,0,15
2386,1,1,0,2,5,10,0,15
2387,1,1,0,2,5,10,0,15
2388,1,1,0,2,5,10,0,15
2389,1,1,0,2,5,10,0,15
2390,1,1,0,2,5,10,0,15
2391,1,1,0,2,5,10,0,15
2392,1,1,0,2,5,10,0,15
2393,1,1,0,2,5,10,0,15
2394,1,1,0,2,5,10,0,15
2395,1,1,0,2,5,10,0,15
2396,1,1,0,2,5,10,0,15
2397,1,1,0,2,5,10,0,15
2398,1,1,0,2,5,10,0,15
2399,1,1,0,2,5,10,0,15
2400,1,1,0,2,5,10,0,15
2401,1,1,0,2,5,10,0,15
2402,1,1,0,2,5,10,0,15
2403,1,1,0,2,5,10,0,15
2404,1,1,0,2,5,10,0,15
2405,1,1,0,2,5,10,0,15
2406,1,1,0,2,5,10,0,15
2407,1,1,0,2,5,10,0,15
2408,1,1,0,2,5,10,0,15
2409,1,1,0,2,5,10,0,15
2410,1,1,0,2,5,10,0,15
2411,1,1,0,2,5,10,0,15
2412,1,1,0,2,5,10,0,15
2413,1,1,0,2,5,10,0,15
2414,1,1,0,2,5,10,0,15
2415,1,1,0,2,5,10,0,15
2416,1,1,0,2,5,10,0,15
2417,1,1,0,2,5,10,0,15
2418,1,1,0,2,5,10,0,15
2419,1,1,0,2,5,10,0,15
2420,1,1,0,2,5,10,0,15
2421,1,1,0,2,5,10,0,15
2422,1,1,0,2,5,10,0,15
2423,1,1,0,2,5,10,0,15
2424,1,1,0,2,5,10,0,15
2425,1,1,0,2,5,10,0,15
2426,1,1,0,2,5,10,0,15
2427,1,1,0,2,5,10,0,15
2428,1,1,0,2,5,10,0,15
2429,1,1,0,2,5,10,0,15
2430,1,1,0,2,5,10,0,15
2431,1,1,0,2,5,10,0,15
2432,1,1,0,2,5,10,0,15
2433,1,1,0,2,5,10,0,15
2434,1,1,0,2,5,10,0,15
2435,1,1,0,2,5,10,0,15
2436,1,1,0,2,5,10,0,15
2437,1,1,0,2,5,10,0,15
2438,1,1,0,2,5,10,0,15
2439,1,1,0,2,5,10,0,15
2440,1,1,0,2,5,10,0,15
2441,1,1,0,2,5,10,0,15
2442,1,1,0,2,5,10,0,15
2443,1,1,0,2,5,10,0,15
2444,1,1,0,2,5,10,0,15
2445,1,1,0,2,5,10,0,15
2446,1,1,0,2,5,10,0,15
2447,1,1,0,2,5,10,0,15
2448,1,1,0,2,5,10,0,15
2449,1,1,0,2,5,10,0,15
2450,1,1,0,2,5,10,0,15
2451,1,1,0,2,5,10,0,15
2452,1,1,0,2,5,10,0,15
2453,1,1,0,2,5,10,0,15
2454,1,1,0,2,5,10,0,15
2455,1,1,0,2,5,10,0,15
2456,1,1,0,2,5,10,0,15
2457,1,1,0,2,5,10,0,15
2458,1,1,0,2,5,10,0,15
2459,1,1,0,2,5,10,0,15
2460,1,1,0,2,5,10,0,15
2461,1,1,0,2,5,10,0,15
2462,1,1,0,2,5,10,0,15
2463,1,1,0,2,5,10,0,15
2464,1,1,0,2,5,10,0,15
2465,1,1,0,2,5,10,0,15
2466,1,1,0,2,5,10,0,15
2467,1,1,0,2,5,10,0,15
2468,1,1,0,2,5,10,0,15
2469,1,1,0,2,5,10,0,15
2470,1,1,0,2,5,10,0,15
2471,1,1,0,2,5,10,0,15
2472,1,1,0,2,5,10,0,15
2473,1,1,0,2,5,10,0,15
2474,1,1,0,2,5,10,0,15
2475,1,1,0,2,5,10,0,15
2476,1,1,0,2,5,10,0,15
2477,1,1,0,2,5,10,0,15
2478,1,1,0,2,5,10,0,15
2479,1,1,0,2,5,10,0,15
2480,1,1,0,2,5,10,0,15
2481,1,1,0,2,5,10,0,15
2482,1,1,0,2,5,10,0,15
2483,1,1,0,2,5,10,0,15
2484,1,1,0,2,5,10,0,15
2485,1,1,0,2,5,10,0,15
2486,1,1,0,2,5,10,0,15
2487,1,1,0,2,5,10,0,15
2488,1,1,0,2,5,10,0,15
2489,1,1,0,2,5,10,0,15
2490,1,1,0,2,5,10,0,15
2491,1,1,0,2,5,10,0,15
2492,1,1,0,2,5,10,0,15
2493,1,1,0,2,5,10,0,15
2494,1,1,0,2,5,10,0,15
2495,1,1,0,2,5,10,0,15
2496,1,1,0,2,5,10,0,15
2497,1,1,0,2,5,10,0,15
2498,1,1,0,2,5,10,0,15
2499,1,1,0,2,5,10,0,15
2500,1,1,0,2,5,10,0,15
2501,1,1,0,2,5,10,0,15
2502,1,1,0,2,5,10,0,15
2503,1,1,0,2,5,10,0,15
2504,1,1,0,2,5,10,0,15
2505,1,1,0,2,5,10,0,15
2506,1,1,0,2,5,10,0,15
2507,1,1,0,2,5,10,0,15
2508,1,1,0,2,5,10,0,15
2509,1,1,0,2,5,10,0,15
2510,1,1,0,2,5,10,0,15
2511,1,1,0,2,5,10,0,15
2512,1,1,0,2,5,10,0,15
2513,1,1,0,2,5,10,0,15
2514,1,1,0,2,5,10,0,15
2515,1,1,0,2,5,10,0,15
2516,1,1,0,2,5,10,0,15
2517,1,1,0,2,5,10,0,15
2518,1,1,0,2,5,10,0,15
2519,1,1,0,2,5,10,0,15
2520,1,1,0,2,5,10,0,15
2521,1,1,0,2,5,10,0,15
2522,1,1,0,2,5,10,0,15
2523,1,1,0,2,5,10,0,15
2524,1,1,0,2,5,10,0,15
2525,1,1,0,2,5,10,0,15
2526,1,1,0,2,5,10,0,15
2527,1,1,0,2,5,10,0,15
2528,1,1,0,2,5,10,0,15
2529,1,1,0,2,5,10,0,15
2530,1,1,0,2,5,10,0,15
2531,1,1,0,2,5,10,0,15
2532,1,1,0,2,5,10,0,15
2533,1,1,0,2,5,10,0,15
2534,1,1,0,2,5,10,0,15
2535,1,1,0,2,5,10,0,15
2536,1,1,0,2,5,10,0,15
2537,1,1,0,2,5,10,0,15
2538,1,1,0,2,5,10,0,15
2539,1,1,0,2,5,10,0,15
2540,1,1,0,2,5,10,0,15
2541,1,1,0,2,5,10,0,15
2542,1,1,0,2,5,10,0,15
2543,1,1,0,2,5,10,0,15
2544,1,1,0,2,5,10,0,15
2545,1,1,0,2,5,10,0,15
2546,1,1,0,2,5,10,0,15
2547,1,1,0,2,5,10,0,15
2548,1,1,0,2,5,10,0,15
2549,1,1,0,2,5,10,0,15
2550,1,1,0,2,5,10,0,15
2551,1,1,0,2,5,10,0,15
2552,1,1,0,2,5,10,0,15
2553,1,1,0,2,5,10,0,15
2554,1,1,0,2,5,10,0,15
2555,1,1,0,2,5,10,0,15
2556,1,1,0,2,5,10,0,15
2557,1,1,0,2,5,10,0,15
2558,1,1,0,2,5,10,0,15
2559,1,1,0,2,5,10,0,15
2560,1,1,0,2,5,10,0,15
2561,1,1,0,2,5,10,0,15
2562,1,1,0,2,5,10,0,15
2563,1,1,0,2,5,10,0,15
2564,1,1,0,2,5,10,0,15
2565,1,1,0,2,5,10,0,15
2566,1,1,0,2,5,10,0,15
2567,1,1,0,2,5,10,0,15
2568,1,1,0,2,5,10,0,15
2569,1,1,0,2,5,10,0,15
2570,1,1,0,2,5,10,0,15
2571,1,1,0,2,5,10,0,15
2572,1,1,0,2,5,10,0,15
2573,1,1,0,2,5,10,0,15
2574,1,1,0,2,5,10,0,15
2575,1,1,0,2,5,10,0,15
2576,1,1,0,2,5,10,0,15
2577,1,1,0,2,5,10,0,15
2578,1,1,0,2,5,10,0,15
2579,1,1,0,2,5,10,0,15
2580,1,1,0,2,5,10,0,15
2581,1,1,0,2,5,10,0,15
2582,1,1,0,2,5,10,0,15
2583,1,1,0,2,5,10,0,15
2584,1,1,0,2,5,10,0,15
2585,1,1,0,2,5,10,0,15
2586,1,1,0,2,5,10,0,15
2587,1,1,0,2,5,10,0,15
2588,1,1,0,2,5,10,0,15
2589,1,1,0,2,5,10,0,15
2590,1,1,0,2,5,10,0,15
2591,1,1,0,2,5,10,0,15
2592,1,1,0,2,5,10,0,15
2593,1,1,0,2,5,10,0,15
2594,1,1,0,2,5,10,0,15
2595,1,1,0,2,5,10,0,15
2596,1,1,0,2,5,10,0,15
2597,1,1,0,2,5,10,0,15
2598,1,1,0,2,5,10,0,15
2599,1,1,0,2,5,10,0,15
2600,1,1,0,2,5,10,0,15
2601,1,1,0,2,5,10,0,15
2602,1,1,0,2,5,10,0,15
2603,1,1,0,2,5,10,0,15
2604,1,1,0,2,5,10,0,15
2605,1,1,0,2,5,10,0,15
2606,1,1,0,2,5,10,0,15
2607,1,1,0,2,5,10,0,15
2608,1,1,0,2,5,10,0,15
2609,1,1,0,2,5,10,0,15
2610,1,1,0,2,5,10,0,15
2611,1,1,0,2,5,10,0,15
2612,1,1,0,2,5,10,0,15
2613,1,1,0,2,5,10,0,15
2614,1,1,0,2,5,10,0,15
2615,1,1,0,2,5,10,0,15
2616,1,1,0,2,5,10,0,15
2617,1,1,0,2,5,10,0,15
2618,1,1,0,2,5,10,0,15
2619,1,1,0,2,5,10,0,15
2620,1,1,0,2,5,10,0,15
2621,1,1,0,2,5,10,0,15
2622,1,1,0,2,5,10,0,15
2623,1,1,0,2,5,10,0,15
2624,1,1,0,2,5,10,0,15
2625,1,1,0,2,5,10,0,15
2626,1,1,0,2,5,10,0,15
2627,1,1,0,2,5,10,0,15
2628,1,1,0,2,5,10,0,15
2629,1,1,0,2,5,10,0,15
2630,1,1,0,2,5,10,0,15
2631,1,1,0,2,5,10,0,15
2632,1,1,0,2,5,10,0,15
2633,1,1,0,2,5,10,0,15
2634,1,1,0,2,5,10,0,15
2635,1,1,0,2,5,10,0,15
2636,1,1,0,2,5,10,0,15
2637,1,1,0,2,5,10,0,15
2638,1,1,0,2,5,10,0,15
2639,1,1,0,2,5,10,0,15
2640,1,1,0,2,5,10,0,15
2641,1,1,0,2,5,10,0,15
2642,1,1,0,2,5,10,0,15
2643,1,1,0,2,5,10,0,15
2644,1,1,0,2,5,10,0,15
2645,1,1,0,2,5,10,0,15
2646,1,1,0,2,5,10,0,15
2647,1,1,0,2,5,10,0,15
2648,1,1,0,2,5,10,0,15
2649,1,1,0,2,5,10,0,15
2650,1,1,0,2,5,10,0,15
2651,1,1,0,2,5,10,0,15
2652,1,1,0,2,5,10,0,15
2653,1,1,0,2,5,10,0,15
2654,1,1,0,2,5,10,0,15
2655,1,1,0,2,5,10,0,15
2656,1,1,0,2,5,10,0,15
2657,1,1,0,2,5,10,0,15
2658,1,1,0,2,5,10,0,15
2659,1,1,0,2,5,10,0,15
2660,1,1,0,2,5,10,0,15
2661,1,1,0,2,5,10,0,15
2662,1,1,0,2,5,10,0,15
2663,1,1,0,2,5,10,0,15
2664,1,1,0,2,5,10,0,15
2665,1,1,0,2,5,10,0,15
2666,1,1,0,2,5,10,0,15
2667,1,1,0,2,5,10,0,15
2668,1,1,0,2,5,10,0,15
2669,1,1,0,2,5,10,0,15
2670,1,1,0,2,5,10,0,15
2671,1,1,0,2,5,10,0,15
2672,1,1,0,2,5,10,0,15
2673,1,1,0,2,5,10,0,15
2674,1,1,0,2,5,10,0,15
2675,1,1,0,2,5,10,0,15
2676,1,1,0,2,5,10,0,15
2677,1,1,0,2,5,10,0,15
2678,1,1,0,2,5,10,0,15
2679,1,1,0,2,5,10,0,15
2680,1,1,0,2,5,10,0,15
2681,1,1,0,2,5,10,0,15
2682,1,1,0,2,5,10,0,15
2683,1,1,0,2,5,10,0,15
2684,1,1,0,2,5,10,0,15
2685,1,1,0,2,5,10,0,15
2686,1,1,0,2,5,10,0,15
2687,1,1,0,2,5,10,0,15
2688,1,1,0,2,5,10,0,15
2689,1,1,0,2,5,10,0,15
2690,1,1,0,2,5,10,0,15
2691,1,1,0,2,5,10,0,15
2692,1,1,0,2,5,10,0,15
2693,1,1,0,2,5,10,0,15
2694,1,1,0,2,5,10,0,15
2695,1,1,0,2,5,10,0,15
2696,1,1,0,2,5,10,0,15
2697,1,1,0,2,5,10,0,15
2698,1,1,0,2,5,10,0,15
2699,1,1,0,2,5,10,0,15
2700,1,1,0,2,5,10,0,15
2701,1,1,0,2,5,10,0,15
2702,1,1,0,2,5,10,0,15
2703,1,1,0,2,5,10,0,15
2704,1,1,0,2,5,10,0,15
2705,1,1,0,2,5,10,0,15
2706,1,1,0,2,5,10,0,15
2707,1,1,0,2,5,10,0,15
2708,1,1,0,2,5,10,0,15
2709,1,1,0,2,5,10,0,15
2710,1,1,0,2,5,10,0,15
2711,1,1,0,2,5,10,0,15
2712,1,1,0,2,5,10,0,15
2713,1,1,0,2,5,10,0,15
2714,1,1,0,2,5,10,0,15
2715,1,1,0,2,5,10,0,15
2716,1,1,0,2,5,10,0,15
2717,1,1,0,2,5,10,0,15
2718,1,1,0,2,5,10,0,15
2719,1,1,0,2,5,10,0,15
2720,1,1,0,2,5,10,0,15
2721,1,1,0,2,5,10,0,15
2722,1,1,0,2,5,10,0,15
2723,1,1,0,2,5,10,0,15
2724,1,1,0,2,5,10,0,15
2725,1,1,0,2,5,10,0,15
2726,1,1,0,2,5,10,0,15
2727,1,1,0,2,5,10,0,15
2728,1,1,0,2,5,10,0,15
2729,1,1,0,2,5,10,0,15
2730,1,1,0,2,5,10,0,15
2731,1,1,0,2,5,10,0,15
2732,1,1,0,2,5,10,0,15
2733,1,1,0,2,5,10,0,15
2734,1,1,0,2,5,10,0,15
2735,1,1,0,2,5,10,0,15
2736,1,1,0,2,5,10,0,15
2737,1,1,0,2,5,10,0,15
2738,1,1,0,2,5,10,0,15
2739,1,1,0,2,5,10,0,15
2740,1,1,0,2,5,10,0,15
2741,1,1,0,2,5,10,0,15
2742,1,1,0,2,5,10,0,15
2743,1,1,0,2,5,10,0,15
2744,1,1,0,2,5,10,0,15
2745,1,1,0,2,5,10,0,15
2746,1,1,0,2,5,10,0,15
2747,1,1,0,2,5,10,0,15
2748,1,1,0,2,5,10,0,15
2749,1,1,0,2,5,10,0,15
2750,1,1,0,2,5,10,0,15
2751,1,1,0,2,5,10,0,15
2752,1,1,0,2,5,10,0,15
2753,1,1,0,2,5,10,0,15
2754,1,1,0,2,5,10,0,15
2755,1,1,0,2,5,10,0,15
2756,1,1,0,2,5,10,0,15
2757,1,1,0,2,5,10,0,15
2758,1,1,0,2,5,10,0,15
2759,1,1,0,2,5,10,0,15
2760,1,1,0,2,5,10,0,15
2761,1,1,0,2,5,10,0,15
2762,1,1,0,2,5,10,0,15
2763,1,1,0,2,5,10,0,15
2764,1,1,0,2,5,10,0,15
2765,1,1,0,2,5,10,0,15
2766,1,1,0,2,5,10,0,15
2767,1,1,0,2,5,10,0,15
2768,1,1,0,2,5,10,0,15
2769,1,1,0,2,5,10,0,15
2770,1,1,0,2,5,10,0,15
2771,1,1,0,2,5,10,0,15
2772,1,1,0,2,5,10,0,15
2773,1,1,0,2,5,10,0,15
2774,1,1,0,2,5,10,0,15
2775,1,1,0,2,5,10,0,15
2776,1,1,0,2,5,10,0,15
2777,1,1,0,2,5,10,0,15
2778,1,1,0,2,5,10,0,15
2779,1,1,0,2,5,10,0,15
2780,1,1,0,2,5,10,0,15
2781,1,1,0,2,5,10,0,15
2782,1,1,0,2,5,10,0,15
2783,1,1,0,2,5,10,0,15
2784,1,1,0,2,5,10,0,15
2785,1,1,0,2,5,10,0,15
2786,1,1,0,2,5,10,0,15
2787,1,1,0,2,5,10,0,15
2788,1,1,0,2,5,10,0,15
2789,1,1,0,2,5,10,0,15
2790,1,1,0,2,5,10,0,15
2791,1,1,0,2,5,10,0,15
2792,1,1,0,2,5,10,0,15
2793,1,1,0,2,5,10,0,15
2794,1,1,0,2,5,10,0,15
2795,1,1,0,2,5,10,0,15
2796,1,1,0,2,5,10,0,15
2797,1,1,0,2,5,10,0,15
2798,1,1,0,2,5,10,0,15
2799,1,1,0,2,5,10,0,15
2800,1,1,0,2,5,10,0,15
2801,1,1,0,2,5,10,0,15
2802,1,1,0,2,5,10,0,15
2803,1,1,0,2,5,10,0,15
2804,1,1,0,2,5,10,0,15
2805,1,1,0,2,5,10,0,15
2806,1,1,0,2,5,10,0,15
2807,1,1,0,2,5,10,0,15
2808,1,1,0,2,5,10,0,15
2809,1,1,0,2,5,10,0,15
2810,1,1,0,2,5,10,0,15
2811,1,1,0,2,5,10,0,15
2812,1,1,0,2,5,10,0,15
2813,1,1,0,2,5,10,0,15
2814,1,1,0,2,5,10,0,15
2815,1,1,0,2,5,10,0,15
2816,1,1,0,2,5,10,0,15
2817,1,1,0,2,5,10,0,15
2818,1,1,0,2,5,10,0,15
2819,1,1,0,2,5,10,0,15
2820,1,1,0,2,5,10,0,15
2821,1,1,0,2,5,10,0,15
2822,1,1,0,2,5,10,0,15
2823,1,1,0,2,5,10,0,15
2824,1,1,0,2,5,10,0,15
2825,1,1,0,2,5,10,0,15
2826,1,1,0,2,5,10,0,15
2827,1,1,0,2,5,10,0,15
2828,1,1,0,2,5,10,0,15
2829,1,1,0,2,5,10,0,15
2830,1,1,0,2,5,10,0,15
2831,1,1,0,2,5,10,0,15
2832,1,1,0,2,5,10,0,15
2833,1,1,0,2,5,10,0,15
2834,1,1,0,2,5,10,0,15
2835,1,1,0,2,5,10,0,15
2836,1,1,0,2,5,10,0,15
2837,1,1,0,2,5,10,0,15
2838,1,1,0,2,5,10,0,15
2839,1,1,0,2,5,10,0,15
2840,1,1,0,2,5,10,0,15
2841,1,1,0,2,5,10,0,15
2842,1,1,0,2,5,10,0,15
2843,1,1,0,2,5,10,0,15
2844,1,1,0,2,5,10,0,15
2845,1,1,0,2,5,10,0,15
2846,1,1,0,2,5,10,0,15
2847,1,1,0,2,5,10,0,15
2848,1,1,0,2,5,10,0,15
2849,1,1,0,2,5,10,0,15
2850,1,1,0,2,5,10,0,15
2851,1,1,0,2,5,10,0,15
2852,1,1,0,2,5,10,0,15
2853,1,1,0,2,5,10,0,15
2854,1,1,0,2,5,10,0,15
2855,1,1,0,2,5,10,0,15
2856,1,1,0,2,5,10,0,15
2857,1,1,0,2,5,10,0,15
2858,1,1,0,2,5,10,0,15
2859,1,1,0,2,5,10,0,15
2860,1,1,0,2,5,10,0,15
2861,1,1,0,2,5,10,0,15
2862,1,1,0,2,5,10,0,15
2863,1,1,0,2,5,10,0,15
2864,1,1,0,2,5,10,0,15
2865,1,1,0,2,5,10,0,15
2866,1,1,0,2,5,10,0,15
2867,1,1,0,2,5,10,0,15
2868,1,1,0,2,5,10,0,15
2869,1,1,0,2,5,10,0,15
2870,1,1,0,2,5,10,0,15
2871,1,1,0,2,5,10,0,15
2872,1,1,0,2,5,10,0,15
2873,1,1,0,2,5,10,0,15
2874,1,1,0,2,5,10,0,15
2875,1,1,0,2,5,10,0,15
2876,1,1,0,2,5,10,0,15
2877,1,1,0,2,5,10,0,15
2878,1,1,0,2,5,10,0,15
2879,1,1,0,2,5,10,0,15
2880,1,1,0,2,5,10,0,15
2881,1,1,0,2,5,10,0,15
2882,1,1,0,2,5,10,0,15
2883,1,1,0,2,5,10,0,15
2884,1,1,0,2,5,10,0,15
2885,1,1,0,2,5,10,0,15
2886,1,1,0,2,5,10,0,15
2887,1,1,0,2,5,10,0,15
2888,1,1,0,2,5,10,0,15
2889,1,1,0,2,5,10,0,15
2890,1,1,0,2,5,10,0,15
2891,1,1,0,2,5,10,0,15
2892,1,1,0,2,5,10,0,15
2893,1,1,0,2,5,10,0,15
2894,1,1,0,2,5,10,0,15
2895,1,1,0,2,5,10,0,15
2896,1,1,0,2,5,10,0,15
2897,1,1,0,2,5,10,0,15
2898,1,1,0,2,5,10,0,15
2899,1,1,0,2,5,10,0,15
2900,1,1,0,2,5,10,0,15
2901,1,1,0,2,5,10,0,15
2902,1,1,0,2,5,10,0,15
2903,1,1,0,2,5,10,0,15
2904,1,1,0,2,5,10,0,15
